trialNo,p1_x,p1_y,p2_x,p2_y,p3_x,p3_y,p4_x,p4_y,p5_x,p5_y,p6_x,p6_y,p7_x,p7_y,p8_x,p8_y,p9_x,p9_y,p10_x,p10_y,p11_x,p11_y,p12_x,p12_y,p13_x,p13_y,p14_x,p14_y,p15_x,p15_y,p16_x,p16_y,p17_x,p17_y,p18_x,p18_y,p19_x,p19_y,p20_x,p20_y,p21_x,p21_y,p22_x,p22_y,p23_x,p23_y,p24_x,p24_y,p25_x,p25_y,p26_x,p26_y,p27_x,p27_y,p28_x,p28_y,p29_x,p29_y,p30_x,p30_y,p31_x,p31_y,p32_x,p32_y,p33_x,p33_y,p34_x,p34_y,p35_x,p35_y,p36_x,p36_y,p37_x,p37_y,p38_x,p38_y,p39_x,p39_y,p40_x,p40_y,colour1,colour2,colour3,colour4,colour5,colour6,colour7,colour8,colour9,colour10,colour11,colour12,colour13,colour14,colour15,colour16,colour17,colour18,colour19,colour20,colour21,colour22,colour23,colour24,colour25,colour26,colour27,colour28,colour29,colour30,colour31,colour32,colour33,colour34,colour35,colour36,colour37,colour38,colour39,colour40,trials_practice.thisRepN,trials_practice.thisTrialN,trials_practice.thisN,trials_practice.thisIndex,trials.thisRepN,trials.thisTrialN,trials.thisN,trials.thisIndex,text_4.started,text_4.stopped,mouse_intro_2.x,mouse_intro_2.y,mouse_intro_2.leftButton,mouse_intro_2.midButton,mouse_intro_2.rightButton,mouse_intro_2.started,mouse_intro_2.stopped,text_7.started,text_7.stopped,mouse_3.x,mouse_3.y,mouse_3.leftButton,mouse_3.midButton,mouse_3.rightButton,mouse_3.started,mouse_3.stopped,text_3.started,text_3.stopped,polygon_41.started,polygon_41.stopped,polygon_42.started,polygon_42.stopped,polygon_43.started,polygon_43.stopped,polygon_44.started,polygon_44.stopped,polygon_45.started,polygon_45.stopped,polygon_46.started,polygon_46.stopped,polygon_47.started,polygon_47.stopped,polygon_48.started,polygon_48.stopped,polygon_49.started,polygon_49.stopped,polygon_50.started,polygon_50.stopped,polygon_51.started,polygon_51.stopped,polygon_52.started,polygon_52.stopped,polygon_53.started,polygon_53.stopped,polygon_54.started,polygon_54.stopped,polygon_55.started,polygon_55.stopped,polygon_56.started,polygon_56.stopped,polygon_57.started,polygon_57.stopped,polygon_58.started,polygon_58.stopped,polygon_59.started,polygon_59.stopped,polygon_60.started,polygon_60.stopped,polygon_61.started,polygon_61.stopped,polygon_62.started,polygon_62.stopped,polygon_63.started,polygon_63.stopped,polygon_64.started,polygon_64.stopped,polygon_65.started,polygon_65.stopped,polygon_66.started,polygon_66.stopped,polygon_67.started,polygon_67.stopped,polygon_68.started,polygon_68.stopped,polygon_69.started,polygon_69.stopped,polygon_70.started,polygon_70.stopped,polygon_71.started,polygon_71.stopped,polygon_72.started,polygon_72.stopped,polygon_73.started,polygon_73.stopped,polygon_74.started,polygon_74.stopped,polygon_75.started,polygon_75.stopped,polygon_76.started,polygon_76.stopped,polygon_77.started,polygon_77.stopped,polygon_78.started,polygon_78.stopped,polygon_79.started,polygon_79.stopped,polygon_80.started,polygon_80.stopped,mouse_2.x,mouse_2.y,mouse_2.leftButton,mouse_2.midButton,mouse_2.rightButton,mouse_2.time,mouse_2.clicked_name,mouse_2.started,mouse_2.stopped,points_text_2.started,points_text_2.stopped,key_resp_2.keys,key_resp_2.rt,key_resp_2.started,key_resp_2.stopped,text_5.started,text_5.stopped,mouse_intro_3.x,mouse_intro_3.y,mouse_intro_3.leftButton,mouse_intro_3.midButton,mouse_intro_3.rightButton,mouse_intro_3.started,mouse_intro_3.stopped,polygon_trial_1.started,polygon_trial_1.stopped,polygon_trial_2.started,polygon_trial_2.stopped,polygon_trial_3.started,polygon_trial_3.stopped,polygon_trial_4.started,polygon_trial_4.stopped,polygon_trial_5.started,polygon_trial_5.stopped,polygon_trial_6.started,polygon_trial_6.stopped,polygon_trial_7.started,polygon_trial_7.stopped,polygon_trial_8.started,polygon_trial_8.stopped,polygon_trial_9.started,polygon_trial_9.stopped,polygon_trial_10.started,polygon_trial_10.stopped,polygon_trial_11.started,polygon_trial_11.stopped,polygon_trial_12.started,polygon_trial_12.stopped,polygon_trial_13.started,polygon_trial_13.stopped,polygon_trial_14.started,polygon_trial_14.stopped,polygon_trial_15.started,polygon_trial_15.stopped,polygon_trial_16.started,polygon_trial_16.stopped,polygon_trial_17.started,polygon_trial_17.stopped,polygon_trial_18.started,polygon_trial_18.stopped,polygon_trial_19.started,polygon_trial_19.stopped,polygon_trial_20.started,polygon_trial_20.stopped,polygon_trial_21.started,polygon_trial_21.stopped,polygon_trial_22.started,polygon_trial_22.stopped,polygon_trial_23.started,polygon_trial_23.stopped,polygon_trial_24.started,polygon_trial_24.stopped,polygon_trial_25.started,polygon_trial_25.stopped,polygon_trial_26.started,polygon_trial_26.stopped,polygon_trial_27.started,polygon_trial_27.stopped,polygon_trial_28.started,polygon_trial_28.stopped,polygon_trial_29.started,polygon_trial_29.stopped,polygon_trial_30.started,polygon_trial_30.stopped,polygon_trial_31.started,polygon_trial_31.stopped,polygon_trial_32.started,polygon_trial_32.stopped,polygon_trial_33.started,polygon_trial_33.stopped,polygon_trial_34.started,polygon_trial_34.stopped,polygon_trial_35.started,polygon_trial_35.stopped,polygon_trial_36.started,polygon_trial_36.stopped,polygon_trial_37.started,polygon_trial_37.stopped,polygon_trial_38.started,polygon_trial_38.stopped,polygon_trial_39.started,polygon_trial_39.stopped,polygon_trial_40.started,polygon_trial_40.stopped,p1_pos,p2_pos,p3_pos,p4_pos,p5_pos,p6_pos,p7_pos,p8_pos,p9_pos,p10_pos,p11_pos,p12_pos,p13_pos,p14_pos,p15_pos,p16_pos,p17_pos,p18_pos,p19_pos,p20_pos,p21_pos,p22_pos,p23_pos,p24_pos,p25_pos,p26_pos,p27_pos,p28_pos,p29_pos,p30_pos,p31_pos,p32_pos,p33_pos,p34_pos,p35_pos,p36_pos,p37_pos,p38_pos,p39_pos,p40_pos,mouse_temp.x,mouse_temp.y,mouse_temp.leftButton,mouse_temp.midButton,mouse_temp.rightButton,mouse_temp.time,mouse_temp.clicked_name,mouse_temp.started,mouse_temp.stopped,points_text_temp.started,points_text_temp.stopped,key_resp_temp.keys,key_resp_temp.rt,key_resp_temp.started,key_resp_temp.stopped,text_8.started,text_8.stopped,text_6.started,text_6.stopped,participant,session,date,expName,psychopyVersion,frameRate,
,,,,,,,,,,,,,,,,,,,,,,,,,,,,,,,,,,,,,,,,,,,,,,,,,,,,,,,,,,,,,,,,,,,,,,,,,,,,,,,,,,,,,,,,,,,,,,,,,,,,,,,,,,,,,,,,,,,,,,,,,,,,,,,,,9.272001200006343,None,-0.023148148148148147,-0.0787037037037037,1,0,0,0.016041919589042664,None,,,,,,,,,,,,,,,,,,,,,,,,,,,,,,,,,,,,,,,,,,,,,,,,,,,,,,,,,,,,,,,,,,,,,,,,,,,,,,,,,,,,,,,,,,,,,,,,,,,,,,,,,,,,,,,,,,,,,,,,,,,,,,,,,,,,,,,,,,,,,,,,,,,,,,,,,,,,,,,,,,,,,,,,,,,,,,,,,,,,,,,,,,,,,,,,,,,,,,,,,,,,,,,,,,,,,,,,,,,,,,,,,,,,,,,,,,,,,,,,,,,,,,,,,,,,,,,,001,2022_Nov_01_1421,foraging_expt_rr,2021.2.3,59.993112808048195,
,,,,,,,,,,,,,,,,,,,,,,,,,,,,,,,,,,,,,,,,,,,,,,,,,,,,,,,,,,,,,,,,,,,,,,,,,,,,,,,,,,,,,,,,,,,,,,,,,,,,,,,,,,,,,,,,,,,,,,,,,,,,,,,,,,,,,,,,,,10.04418359999545,None,-0.010185185185185186,-0.10833333333333334,1,0,0,0.01494065998122096,None,,,,,,,,,,,,,,,,,,,,,,,,,,,,,,,,,,,,,,,,,,,,,,,,,,,,,,,,,,,,,,,,,,,,,,,,,,,,,,,,,,,,,,,,,,,,,,,,,,,,,,,,,,,,,,,,,,,,,,,,,,,,,,,,,,,,,,,,,,,,,,,,,,,,,,,,,,,,,,,,,,,,,,,,,,,,,,,,,,,,,,,,,,,,,,,,,,,,,,,,,,,,,,,,,,,,,,,,,,,,,,,,,,,,,,,,,,,,,,,,,,,,,,,001,2022_Nov_01_1421,foraging_expt_rr,2021.2.3,59.993112808048195,
1,-0.4,0.2,-0.1,0.2,0.3,0.2,-0.1,-0.2,0,0.2,-0.1,0.4,0.2,0.4,0.3,-0.2,-0.4,0,0.1,0.4,0.2,-0.2,-0.1,0,-0.1,-0.4,0,-0.2,-0.4,0.4,0.1,0.2,-0.3,-0.4,-0.2,0,0.2,0.2,0.2,0,0.1,0,0.2,-0.4,0.1,-0.4,0,0.4,0.3,-0.4,0,0,0,-0.4,-0.3,-0.2,-0.2,0.4,-0.2,-0.2,-0.3,0.2,-0.2,-0.4,-0.4,-0.4,0.3,0.4,-0.3,0,-0.4,-0.2,-0.3,0.4,0.1,-0.2,0.3,0,-0.2,0.2,,,,,,,,,,,,,,,,,,,,,,,,,,,,,,,,,,,,,,,,,0,0,0,0,,,,,,,,,,,,,,,,,,,,,,,10.426828399999067,None,12.453329099924304,None,12.453329099924304,None,12.453329099924304,None,12.453329099924304,None,12.453329099924304,None,12.453329099924304,None,12.453329099924304,None,12.453329099924304,None,12.453329099924304,None,12.453329099924304,None,12.453329099924304,None,12.453329099924304,None,12.453329099924304,None,12.453329099924304,None,12.453329099924304,None,12.453329099924304,None,12.453329099924304,None,12.453329099924304,None,12.453329099924304,None,12.453329099924304,None,12.453329099924304,None,12.453329099924304,None,12.453329099924304,None,12.453329099924304,None,12.453329099924304,None,12.453329099924304,None,12.453329099924304,None,12.453329099924304,None,12.453329099924304,None,12.453329099924304,None,12.453329099924304,None,12.453329099924304,None,12.453329099924304,None,12.453329099924304,None,12.453329099924304,None,12.453329099924304,None,12.453329099924304,None,12.453329099924304,None,12.453329099924304,None,12.453329099924304,None,[],[],[],[],[],[],[],0.012114120065234601,None,12.453329099924304,None,space,0.48106250003911555,12.453329099924304,None,,,,,,,,,,,,,,,,,,,,,,,,,,,,,,,,,,,,,,,,,,,,,,,,,,,,,,,,,,,,,,,,,,,,,,,,,,,,,,,,,,,,,,,,,,,,,,,,,,,,,,,,,,,,,,,,,,,,,,,,,,,,,,,,,,,,,,,,,,,,,,,,,,,,,,001,2022_Nov_01_1421,foraging_expt_rr,2021.2.3,59.993112808048195,
,,,,,,,,,,,,,,,,,,,,,,,,,,,,,,,,,,,,,,,,,,,,,,,,,,,,,,,,,,,,,,,,,,,,,,,,,,,,,,,,,,,,,,,,,,,,,,,,,,,,,,,,,,,,,,,,,,,,,,,,,,,,,,,,,,,,,,,,,,,,,,,,,,,,,,,,,,,,,,,,,,,,,,,,,,,,,,,,,,,,,,,,,,,,,,,,,,,,,,,,,,,,,,,,,,,,,,,,,,,,,,,,,,,,,,,,,,,,,,,,,,,,12.969874499947764,None,0.0,-0.11574074074074074,1,0,0,0.0036919598933309317,None,,,,,,,,,,,,,,,,,,,,,,,,,,,,,,,,,,,,,,,,,,,,,,,,,,,,,,,,,,,,,,,,,,,,,,,,,,,,,,,,,,,,,,,,,,,,,,,,,,,,,,,,,,,,,,,,,,,,,,,,,,,,,,,,,,,,,,,,,,,,,001,2022_Nov_01_1421,foraging_expt_rr,2021.2.3,59.993112808048195,
13,,,,,,,,,,,,,,,,,,,,,,,,,,,,,,,,,,,,,,,,,,,,,,,,,,,,,,,,,,,,,,,,,,,,,,,,,,,,,,,,,mediumvioletred,mediumpurple,mediumblue,mediumvioletred,mediumpurple,mediumvioletred,mediumvioletred,mediumvioletred,mediumpurple,mediumpurple,mediumvioletred,mediumvioletred,mediumvioletred,mediumvioletred,mediumblue,mediumblue,mediumblue,mediumpurple,mediumblue,mediumvioletred,mediumvioletred,mediumvioletred,mediumblue,mediumpurple,mediumvioletred,mediumblue,mediumvioletred,mediumvioletred,mediumpurple,mediumpurple,mediumvioletred,mediumblue,mediumvioletred,mediumpurple,mediumblue,mediumblue,mediumvioletred,mediumvioletred,mediumpurple,mediumvioletred,,,,,0,0,0,12,,,,,,,,,,,,,,,,,,,,,,,,,,,,,,,,,,,,,,,,,,,,,,,,,,,,,,,,,,,,,,,,,,,,,,,,,,,,,,,,,,,,,,,,,,,,,,,,,,,,,,,,,,,,,,,,,,,,,,,,,,,,,13.567427600035444,None,13.567427600035444,None,13.567427600035444,None,13.567427600035444,None,13.567427600035444,None,13.567427600035444,None,13.567427600035444,None,13.567427600035444,None,13.567427600035444,None,13.567427600035444,None,13.567427600035444,None,13.567427600035444,None,13.567427600035444,None,13.567427600035444,None,13.567427600035444,None,13.567427600035444,None,13.567427600035444,None,13.567427600035444,None,13.567427600035444,None,13.567427600035444,None,13.567427600035444,None,13.567427600035444,None,13.567427600035444,None,13.567427600035444,None,13.567427600035444,None,13.567427600035444,None,13.567427600035444,None,13.567427600035444,None,13.567427600035444,None,13.567427600035444,None,13.567427600035444,None,13.567427600035444,None,13.567427600035444,None,13.567427600035444,None,13.567427600035444,None,13.567427600035444,None,13.567427600035444,None,13.567427600035444,None,13.567427600035444,None,13.567427600035444,None,[-0.40078808  0.41831502],[-0.3005416   0.38664137],[-0.20030679  0.3918474 ],[-0.10099066  0.44469953],[0.00099948 0.38919637],[0.10075358 0.34062975],[0.20059501 0.44964404],[0.2996334  0.34722564],[-0.39936005  0.22709228],[-0.29962463  0.22802354],[-0.1990517   0.24193839],[-0.10078053  0.24149304],[0.00026998 0.22890079],[0.10047398 0.16102869],[0.19980424 0.15887394],[0.3008881  0.18362806],[-0.40052636  0.04010764],[-0.29923909  0.05567758],[-0.20001138  0.05026597],[-0.09982593 -0.00528459],[ 0.00025679 -0.02015911],[ 0.1002023 -0.0123759],[ 0.1999944  -0.02067148],[ 0.30058234 -0.00799107],[-0.39940115 -0.16038518],[-0.29933036 -0.15064295],[-0.20035721 -0.23696663],[-0.09949042 -0.14259572],[ 0.00095528 -0.14398405],[ 0.09989292 -0.14028692],[ 0.20084461 -0.17928783],[ 0.30041804 -0.17903911],[-0.39960553 -0.37135149],[-0.30054031 -0.38111426],[-0.20014712 -0.38620788],[-0.10099715 -0.36113373],[-0.00096486 -0.37170653],[ 0.0999209  -0.40857098],[ 0.19990391 -0.43225149],[ 0.29994174 -0.34493154],"[0.0, -0.30277777777777776, -0.18055555555555555, -0.002777777777777778, 0.2953703703703704, 0.2, -0.29814814814814816, -0.3990740740740741, -0.4046296296296296, -0.30277777777777776, -0.19907407407407407, 0.19722222222222222, 0.2851851851851852, 0.3, 0.0962962962962963, 0.016666666666666666, -0.3055555555555556, -0.30092592592592593, -0.2, -0.09722222222222222, 0.1962962962962963, 0.10648148148148148]","[-0.11574074074074074, 0.38981481481481484, 0.39351851851851855, 0.3851851851851852, 0.18425925925925926, 0.15462962962962962, 0.2351851851851852, 0.21203703703703702, 0.05185185185185185, 0.05555555555555555, 0.05740740740740741, -0.025925925925925925, -0.007407407407407408, -0.18055555555555555, -0.1361111111111111, -0.14444444444444443, -0.14444444444444443, -0.3907407407407407, -0.3814814814814815, -0.3685185185185185, -0.42962962962962964, -0.23796296296296296]","[1, 1, 1, 1, 1, 1, 1, 1, 1, 1, 1, 1, 1, 1, 1, 1, 1, 1, 1, 1, 1, 1]","[0, 0, 0, 0, 0, 0, 0, 0, 0, 0, 0, 0, 0, 0, 0, 0, 0, 0, 0, 0, 0, 0]","[0, 0, 0, 0, 0, 0, 0, 0, 0, 0, 0, 0, 0, 0, 0, 0, 0, 0, 0, 0, 0, 0]","[0.002307899994775653, 0.9324013999430463, 1.5254692999878898, 2.4017888999078423, 2.8361345999874175, 3.190675999969244, 3.6236231999937445, 4.0098399999551475, 4.564099899958819, 5.066676799906418, 5.432968999957666, 6.063650899915956, 6.4450742999324575, 6.911812099977396, 7.435066799982451, 7.702630699961446, 8.31852769991383, 8.96655029989779, 9.340851099928841, 9.665275299921632, 10.20528779993765, 11.454447699943557]","['polygon_trial_2', 'polygon_trial_3', 'polygon_trial_5', 'polygon_trial_16', 'polygon_trial_15', 'polygon_trial_10', 'polygon_trial_9', 'polygon_trial_17', 'polygon_trial_18', 'polygon_trial_19', 'polygon_trial_23', 'polygon_trial_24', 'polygon_trial_32', 'polygon_trial_30', 'polygon_trial_29', 'polygon_trial_26', 'polygon_trial_34', 'polygon_trial_35', 'polygon_trial_36', 'polygon_trial_39']",0.010062279994599521,None,13.567427600035444,None,space,11.790927699999884,13.567427600035444,None,25.398265599971637,None,,,,001,2022_Nov_01_1421,foraging_expt_rr,2021.2.3,59.993112808048195,
1,,,,,,,,,,,,,,,,,,,,,,,,,,,,,,,,,,,,,,,,,,,,,,,,,,,,,,,,,,,,,,,,,,,,,,,,,,,,,,,,,mediumblue,mediumvioletred,mediumvioletred,mediumblue,mediumpurple,mediumvioletred,mediumvioletred,mediumvioletred,mediumpurple,mediumpurple,mediumvioletred,mediumblue,mediumblue,mediumblue,mediumpurple,mediumvioletred,mediumvioletred,mediumblue,mediumvioletred,mediumblue,mediumvioletred,mediumpurple,mediumpurple,mediumpurple,mediumvioletred,mediumvioletred,mediumblue,mediumvioletred,mediumblue,mediumvioletred,mediumvioletred,mediumvioletred,mediumpurple,mediumvioletred,mediumpurple,mediumblue,mediumvioletred,mediumvioletred,mediumpurple,mediumvioletred,,,,,0,1,1,0,,,,,,,,,,,,,,,,,,,,,,,,,,,,,,,,,,,,,,,,,,,,,,,,,,,,,,,,,,,,,,,,,,,,,,,,,,,,,,,,,,,,,,,,,,,,,,,,,,,,,,,,,,,,,,,,,,,,,,,,,,,,,26.43758050003089,None,26.43758050003089,None,26.43758050003089,None,26.43758050003089,None,26.43758050003089,None,26.43758050003089,None,26.43758050003089,None,26.43758050003089,None,26.43758050003089,None,26.43758050003089,None,26.43758050003089,None,26.43758050003089,None,26.43758050003089,None,26.43758050003089,None,26.43758050003089,None,26.43758050003089,None,26.43758050003089,None,26.43758050003089,None,26.43758050003089,None,26.43758050003089,None,26.43758050003089,None,26.43758050003089,None,26.43758050003089,None,26.43758050003089,None,26.43758050003089,None,26.43758050003089,None,26.43758050003089,None,26.43758050003089,None,26.43758050003089,None,26.43758050003089,None,26.43758050003089,None,26.43758050003089,None,26.43758050003089,None,26.43758050003089,None,26.43758050003089,None,26.43758050003089,None,26.43758050003089,None,26.43758050003089,None,26.43758050003089,None,26.43758050003089,None,[-0.39905066  0.34157119],[-0.30079957  0.43313727],[-0.20037156  0.43245946],[-0.09905834  0.40119798],[0.00089056 0.42697941],[0.10059454 0.34406852],[0.19965466 0.41966511],[0.30068127 0.36913594],[-0.39994292  0.23813089],[-0.29980455  0.15084159],[-0.19998634  0.19031215],[-0.0996872   0.19218932],[-0.00090822  0.23881679],[0.09930984 0.1941199 ],[0.2003131  0.23036932],[0.2990005  0.24711283],[-0.39963438  0.01986241],[-0.29934133  0.02557103],[-0.19910956 -0.03605329],[-0.1001049   0.00241872],[-0.00074957 -0.02277653],[0.10046308 0.01495785],[ 0.19984145 -0.01489384],[ 0.29984723 -0.035699  ],[-0.39983129 -0.21862055],[-0.30084878 -0.25548828],[-0.20004401 -0.18067721],[-0.09934942 -0.15419391],[-0.00041612 -0.16202434],[ 0.1001562  -0.14906801],[ 0.19981618 -0.25096533],[ 0.30079471 -0.22371299],[-0.39923739 -0.43841366],[-0.29972557 -0.40207336],[-0.19982664 -0.44643921],[-0.09935702 -0.45813146],[-0.00098784 -0.44594714],[ 0.09922492 -0.43814159],[ 0.20069321 -0.44347612],[ 0.29925204 -0.41986685],"[-0.4074074074074074, -0.4009259259259259, -0.3037037037037037, -0.0962962962962963, -0.009259259259259259, 0.09444444444444444, 0.20092592592592592, -0.002777777777777778, -0.09907407407407408, -0.0962962962962963, -0.29814814814814816, 0.10277777777777777, 0.19907407407407407, 0.29444444444444445, -0.002777777777777778, -0.19907407407407407, -0.40555555555555556, -0.1935185185185185, -0.09074074074074075, 0.20555555555555555]","[0.3296296296296296, 0.2388888888888889, 0.14351851851851852, 0.18888888888888888, 0.22962962962962963, 0.1962962962962963, 0.23425925925925925, 0.4212962962962963, 0.40185185185185185, 0.002777777777777778, 0.018518518518518517, 0.010185185185185186, -0.021296296296296296, -0.03981481481481482, -0.15648148148148147, -0.18703703703703703, -0.43703703703703706, -0.44074074074074077, -0.4546296296296296, -0.43796296296296294]","[1, 1, 1, 1, 1, 1, 1, 1, 1, 1, 1, 1, 1, 1, 1, 1, 1, 1, 1, 1]","[0, 0, 0, 0, 0, 0, 0, 0, 0, 0, 0, 0, 0, 0, 0, 0, 0, 0, 0, 0]","[0, 0, 0, 0, 0, 0, 0, 0, 0, 0, 0, 0, 0, 0, 0, 0, 0, 0, 0, 0]","[0.6745866000419483, 1.0374859999865294, 1.5199748000595719, 1.9721371000632644, 2.366472200024873, 2.7821784000843763, 3.139687000075355, 3.58737090008799, 3.8826267999829724, 4.49043830006849, 5.033177200006321, 5.5976612999802455, 6.013538300059736, 6.366701700026169, 6.900994300027378, 7.519021000014618, 8.191844000015408, 8.779777700081468, 9.195880400016904, 9.769047799985856]","['polygon_trial_1', 'polygon_trial_9', 'polygon_trial_10', 'polygon_trial_12', 'polygon_trial_13', 'polygon_trial_14', 'polygon_trial_15', 'polygon_trial_5', 'polygon_trial_4', 'polygon_trial_20', 'polygon_trial_18', 'polygon_trial_22', 'polygon_trial_23', 'polygon_trial_24', 'polygon_trial_29', 'polygon_trial_27', 'polygon_trial_33', 'polygon_trial_35', 'polygon_trial_36', 'polygon_trial_39']",0.002489360049366951,None,26.43758050003089,None,space,10.377002299996093,26.43758050003089,None,36.84105609997641,None,,,,001,2022_Nov_01_1421,foraging_expt_rr,2021.2.3,59.993112808048195,
15,,,,,,,,,,,,,,,,,,,,,,,,,,,,,,,,,,,,,,,,,,,,,,,,,,,,,,,,,,,,,,,,,,,,,,,,,,,,,,,,,mediumvioletred,mediumblue,mediumblue,mediumblue,mediumvioletred,mediumpurple,mediumblue,mediumblue,mediumblue,mediumblue,mediumvioletred,mediumblue,mediumvioletred,mediumvioletred,mediumpurple,mediumvioletred,mediumvioletred,mediumvioletred,mediumpurple,mediumvioletred,mediumpurple,mediumblue,mediumvioletred,mediumvioletred,mediumblue,mediumvioletred,mediumvioletred,mediumvioletred,mediumblue,mediumvioletred,mediumpurple,mediumvioletred,mediumblue,mediumvioletred,mediumvioletred,mediumblue,mediumblue,mediumvioletred,mediumvioletred,mediumblue,,,,,0,2,2,14,,,,,,,,,,,,,,,,,,,,,,,,,,,,,,,,,,,,,,,,,,,,,,,,,,,,,,,,,,,,,,,,,,,,,,,,,,,,,,,,,,,,,,,,,,,,,,,,,,,,,,,,,,,,,,,,,,,,,,,,,,,,,37.8713552999543,None,37.8713552999543,None,37.8713552999543,None,37.8713552999543,None,37.8713552999543,None,37.8713552999543,None,37.8713552999543,None,37.8713552999543,None,37.8713552999543,None,37.8713552999543,None,37.8713552999543,None,37.8713552999543,None,37.8713552999543,None,37.8713552999543,None,37.8713552999543,None,37.8713552999543,None,37.8713552999543,None,37.8713552999543,None,37.8713552999543,None,37.8713552999543,None,37.8713552999543,None,37.8713552999543,None,37.8713552999543,None,37.8713552999543,None,37.8713552999543,None,37.8713552999543,None,37.8713552999543,None,37.8713552999543,None,37.8713552999543,None,37.8713552999543,None,37.8713552999543,None,37.8713552999543,None,37.8713552999543,None,37.8713552999543,None,37.8713552999543,None,37.8713552999543,None,37.8713552999543,None,37.8713552999543,None,37.8713552999543,None,37.8713552999543,None,[-0.39917573  0.44769103],[-0.29955985  0.38537724],[-0.20098721  0.34766565],[-0.09959884  0.41432205],[-1.48432789e-04  3.68001986e-01],[0.09921315 0.35871618],[0.19920198 0.41782149],[0.30057656 0.44246806],[-0.39986323  0.19707114],[-0.30069201  0.19989546],[-0.20070741  0.22575746],[-0.09978588  0.18575698],[2.37450059e-05 2.13845290e-01],[0.10037959 0.18861131],[0.19919492 0.16856601],[0.29986156 0.24453744],[-0.39998906  0.02493088],[-0.30097018  0.03826631],[-0.1992512  -0.01324851],[-0.10005621  0.05298714],[-0.00016267  0.05831029],[ 0.09921714 -0.02892024],[0.20008767 0.02913849],[ 0.30043391 -0.0292488 ],[-0.3997381  -0.21776107],[-0.29949366 -0.16863811],[-0.20009831 -0.15827002],[-0.10015345 -0.16211601],[-0.00072585 -0.19712037],[ 0.0990716  -0.20493232],[ 0.19966666 -0.19863648],[ 0.29975706 -0.25824989],[-0.40035549 -0.38920013],[-0.30033661 -0.41717838],[-0.19960531 -0.3853416 ],[-0.10030355 -0.4359688 ],[-0.0004127  -0.35741299],[ 0.09919101 -0.39477236],[ 0.20087943 -0.4246272 ],[ 0.29940483 -0.34215678],"[-0.08981481481481482, -0.20185185185185187, -0.29907407407407405, 0.10185185185185185, 0.20092592592592592, 0.30648148148148147, 0.2074074074074074, -0.10185185185185185, -0.3055555555555556, -0.4027777777777778, -0.20555555555555555, -0.006481481481481481, 0.09722222222222222, 0.2064814814814815, 0.30277777777777776, -0.004629629629629629, -0.001851851851851852, -0.10185185185185185, -0.4, -0.3990740740740741]","[0.41574074074074074, 0.34814814814814815, 0.3787037037037037, 0.3574074074074074, 0.41759259259259257, 0.44537037037037036, 0.16111111111111112, 0.18055555555555555, 0.2, 0.1962962962962963, -0.009259259259259259, 0.05555555555555555, -0.03425925925925926, -0.19907407407407407, -0.33611111111111114, -0.1935185185185185, -0.3472222222222222, -0.4361111111111111, -0.39351851851851855, -0.2064814814814815]","[1, 1, 1, 1, 1, 1, 1, 1, 1, 1, 1, 1, 1, 1, 1, 1, 1, 1, 1, 1]","[0, 0, 0, 0, 0, 0, 0, 0, 0, 0, 0, 0, 0, 0, 0, 0, 0, 0, 0, 0]","[0, 0, 0, 0, 0, 0, 0, 0, 0, 0, 0, 0, 0, 0, 0, 0, 0, 0, 0, 0]","[0.639613600098528, 1.0851064000744373, 1.4766135000390932, 1.9494695001048967, 2.59666590008419, 3.0131555000552908, 3.5389873000094667, 4.274192600045353, 4.7212215000763535, 5.053093500086106, 5.710420800023712, 6.41650130006019, 6.799626300111413, 7.361517300014384, 7.837968100095168, 8.22591470007319, 8.671326800016686, 9.122017500107177, 9.764435400022194, 10.187637499999255]","['polygon_trial_4', 'polygon_trial_3', 'polygon_trial_2', 'polygon_trial_6', 'polygon_trial_7', 'polygon_trial_8', 'polygon_trial_15', 'polygon_trial_12', 'polygon_trial_10', 'polygon_trial_9', 'polygon_trial_19', 'polygon_trial_21', 'polygon_trial_22', 'polygon_trial_31', 'polygon_trial_40', 'polygon_trial_29', 'polygon_trial_37', 'polygon_trial_36', 'polygon_trial_33', 'polygon_trial_25']",0.0025536600733175874,None,37.8713552999543,None,space,10.463155500008725,37.8713552999543,None,48.366693099960685,None,,,,001,2022_Nov_01_1421,foraging_expt_rr,2021.2.3,59.993112808048195,
11,,,,,,,,,,,,,,,,,,,,,,,,,,,,,,,,,,,,,,,,,,,,,,,,,,,,,,,,,,,,,,,,,,,,,,,,,,,,,,,,,mediumvioletred,mediumvioletred,mediumpurple,mediumpurple,mediumvioletred,mediumvioletred,mediumblue,mediumvioletred,mediumpurple,mediumpurple,mediumvioletred,mediumvioletred,mediumvioletred,mediumpurple,mediumvioletred,mediumvioletred,mediumpurple,mediumpurple,mediumvioletred,mediumvioletred,mediumpurple,mediumpurple,mediumvioletred,mediumpurple,mediumblue,mediumblue,mediumvioletred,mediumpurple,mediumpurple,mediumblue,mediumpurple,mediumvioletred,mediumvioletred,mediumvioletred,mediumvioletred,mediumvioletred,mediumvioletred,mediumblue,mediumpurple,mediumpurple,,,,,0,3,3,10,,,,,,,,,,,,,,,,,,,,,,,,,,,,,,,,,,,,,,,,,,,,,,,,,,,,,,,,,,,,,,,,,,,,,,,,,,,,,,,,,,,,,,,,,,,,,,,,,,,,,,,,,,,,,,,,,,,,,,,,,,,,,49.40615469997283,None,49.40615469997283,None,49.40615469997283,None,49.40615469997283,None,49.40615469997283,None,49.40615469997283,None,49.40615469997283,None,49.40615469997283,None,49.40615469997283,None,49.40615469997283,None,49.40615469997283,None,49.40615469997283,None,49.40615469997283,None,49.40615469997283,None,49.40615469997283,None,49.40615469997283,None,49.40615469997283,None,49.40615469997283,None,49.40615469997283,None,49.40615469997283,None,49.40615469997283,None,49.40615469997283,None,49.40615469997283,None,49.40615469997283,None,49.40615469997283,None,49.40615469997283,None,49.40615469997283,None,49.40615469997283,None,49.40615469997283,None,49.40615469997283,None,49.40615469997283,None,49.40615469997283,None,49.40615469997283,None,49.40615469997283,None,49.40615469997283,None,49.40615469997283,None,49.40615469997283,None,49.40615469997283,None,49.40615469997283,None,49.40615469997283,None,[-0.40098338  0.35825345],[-0.30073382  0.34714489],[-0.19970993  0.4170686 ],[-0.10027497  0.41605153],[0.00062647 0.34221456],[0.10088785 0.37975987],[0.20033161 0.45840935],[0.30034149 0.45023667],[-0.39913829  0.15633507],[-0.30006764  0.25300161],[-0.19999357  0.20697359],[-0.09957749  0.23553731],[0.00076279 0.23243315],[0.09965224 0.25223062],[0.19936453 0.14384793],[0.30001172 0.21227492],[-0.4001781   0.03788769],[-0.29949445 -0.03346506],[-0.19908332 -0.0334507 ],[-0.09918663 -0.03399315],[ 0.00080953 -0.05511195],[ 0.10038853 -0.05991292],[0.19957937 0.05780322],[0.29990607 0.04168522],[-0.40034061 -0.25976227],[-0.2994484  -0.19088026],[-0.19975649 -0.20507431],[-0.09990484 -0.22226129],[ 0.00055327 -0.17820779],[ 0.0994161  -0.21568128],[ 0.1999141  -0.23613725],[ 0.29961701 -0.1932302 ],[-0.40073063 -0.39252403],[-0.29933852 -0.37761326],[-0.20070191 -0.43016174],[-0.09928657 -0.44169939],[ 1.38217275e-04 -4.38221921e-01],[ 0.09991908 -0.34771268],[ 0.19981098 -0.38280448],[ 0.29925982 -0.43086755],"[-0.20092592592592592, -0.10740740740740741, 0.0962962962962963, -0.275, -0.2972222222222222, -0.40185185185185185, -0.4064814814814815, -0.31203703703703706, 0.007407407407407408, 0.10833333333333334, 0.30092592592592593, 0.19074074074074074, 0.011111111111111112, -0.0962962962962963, -0.287962962962963, -0.3925925925925926, 0.10185185185185185, 0.19722222222222222, 0.09351851851851851, 0.20185185185185187, 0.29259259259259257]","[0.41388888888888886, 0.4185185185185185, 0.25555555555555554, 0.25, 0.25, 0.16018518518518518, 0.026851851851851852, -0.027777777777777776, -0.04351851851851852, -0.062037037037037036, 0.04814814814814815, 0.4638888888888889, -0.18333333333333332, -0.21851851851851853, -0.18796296296296297, -0.24814814814814815, -0.21388888888888888, -0.22592592592592592, -0.34629629629629627, -0.37592592592592594, -0.42314814814814816]","[1, 1, 1, 1, 1, 1, 1, 1, 1, 1, 1, 1, 1, 1, 1, 1, 1, 1, 1, 1, 1]","[0, 0, 0, 0, 0, 0, 0, 0, 0, 0, 0, 0, 0, 0, 0, 0, 0, 0, 0, 0, 0]","[0, 0, 0, 0, 0, 0, 0, 0, 0, 0, 0, 0, 0, 0, 0, 0, 0, 0, 0, 0, 0]","[0.847518999944441, 1.2734654999803752, 1.7844273999799043, 2.2359418999403715, 2.5020353998988867, 2.916333799948916, 3.274498999933712, 3.649038099916652, 4.061126999906264, 4.409425299963914, 4.886034699971788, 5.494488299940713, 6.072175699984655, 6.570025899913162, 7.096145899966359, 7.479872899944894, 7.982025099918246, 8.333408499951474, 8.717646199977025, 9.183495599892922, 9.577946999925189]","['polygon_trial_3', 'polygon_trial_4', 'polygon_trial_14', 'polygon_trial_10', 'polygon_trial_9', 'polygon_trial_17', 'polygon_trial_18', 'polygon_trial_21', 'polygon_trial_22', 'polygon_trial_24', 'polygon_trial_7', 'polygon_trial_29', 'polygon_trial_28', 'polygon_trial_26', 'polygon_trial_25', 'polygon_trial_30', 'polygon_trial_31', 'polygon_trial_38', 'polygon_trial_39', 'polygon_trial_40']",0.0009816598612815142,None,49.40615469997283,None,space,9.97632270003669,49.40615469997283,None,59.419032600009814,None,,,,001,2022_Nov_01_1421,foraging_expt_rr,2021.2.3,59.993112808048195,
2,,,,,,,,,,,,,,,,,,,,,,,,,,,,,,,,,,,,,,,,,,,,,,,,,,,,,,,,,,,,,,,,,,,,,,,,,,,,,,,,,mediumblue,mediumpurple,mediumvioletred,mediumpurple,mediumpurple,mediumvioletred,mediumvioletred,mediumpurple,mediumpurple,mediumvioletred,mediumblue,mediumvioletred,mediumvioletred,mediumpurple,mediumvioletred,mediumvioletred,mediumpurple,mediumpurple,mediumpurple,mediumvioletred,mediumvioletred,mediumpurple,mediumvioletred,mediumvioletred,mediumvioletred,mediumvioletred,mediumvioletred,mediumblue,mediumvioletred,mediumpurple,mediumblue,mediumpurple,mediumpurple,mediumpurple,mediumpurple,mediumvioletred,mediumvioletred,mediumblue,mediumvioletred,mediumvioletred,,,,,0,4,4,1,,,,,,,,,,,,,,,,,,,,,,,,,,,,,,,,,,,,,,,,,,,,,,,,,,,,,,,,,,,,,,,,,,,,,,,,,,,,,,,,,,,,,,,,,,,,,,,,,,,,,,,,,,,,,,,,,,,,,,,,,,,,,60.454957899986766,None,60.454957899986766,None,60.454957899986766,None,60.454957899986766,None,60.454957899986766,None,60.454957899986766,None,60.454957899986766,None,60.454957899986766,None,60.454957899986766,None,60.454957899986766,None,60.454957899986766,None,60.454957899986766,None,60.454957899986766,None,60.454957899986766,None,60.454957899986766,None,60.454957899986766,None,60.454957899986766,None,60.454957899986766,None,60.454957899986766,None,60.454957899986766,None,60.454957899986766,None,60.454957899986766,None,60.454957899986766,None,60.454957899986766,None,60.454957899986766,None,60.454957899986766,None,60.454957899986766,None,60.454957899986766,None,60.454957899986766,None,60.454957899986766,None,60.454957899986766,None,60.454957899986766,None,60.454957899986766,None,60.454957899986766,None,60.454957899986766,None,60.454957899986766,None,60.454957899986766,None,60.454957899986766,None,60.454957899986766,None,60.454957899986766,None,[-0.40097661  0.3653099 ],[-0.30039115  0.41681607],[-0.20071456  0.41813799],[-0.09976737  0.38816037],[0.0007993  0.41225316],[0.10081674 0.45332383],[0.20048141 0.37642316],[0.3006144  0.37351595],[-0.40098387  0.24860272],[-0.29913776  0.15589269],[-0.19949351  0.18292401],[-0.09972269  0.17864499],[0.00079416 0.21930335],[0.09900434 0.15145333],[0.20079066 0.16999204],[0.29953247 0.21420022],[-0.39972411 -0.02887451],[-0.30073549  0.00589264],[-0.20007815  0.02816487],[-0.10077615  0.00933972],[0.000558   0.03951754],[ 0.10099274 -0.02759419],[0.20005149 0.01298609],[ 0.30000852 -0.05187125],[-0.40028285 -0.15042638],[-0.3009416 -0.2289035],[-0.19940363 -0.14481412],[-0.10009979 -0.21075347],[-0.00082172 -0.21060056],[ 0.09933672 -0.15467142],[ 0.20060179 -0.20508399],[ 0.29924079 -0.21918487],[-0.40003043 -0.34447822],[-0.29943137 -0.39542076],[-0.20005877 -0.39522868],[-0.09929419 -0.45786494],[-0.00099194 -0.43972832],[ 0.09982028 -0.37319018],[ 0.19936855 -0.44550582],[ 0.30045163 -0.36645964],"[-0.29074074074074074, -0.39814814814814814, -0.40185185185185185, -0.0962962962962963, -0.000925925925925926, 0.30277777777777776, 0.09722222222222222, -0.20277777777777778, -0.21203703703703702, -0.30648148148148147, -0.40555555555555556, 0.08796296296296297, 0.1, 0.2037037037037037, 0.30092592592592593, 0.09722222222222222, -0.20925925925925926, -0.28888888888888886, -0.4027777777777778, -0.10555555555555556]","[0.41759259259259257, 0.3685185185185185, 0.2462962962962963, 0.3907407407407407, 0.4148148148148148, 0.37777777777777777, 0.1425925925925926, 0.17962962962962964, 0.03981481481481482, 0.005555555555555556, -0.03148148148148148, -0.025925925925925925, -0.14537037037037037, -0.19722222222222222, -0.21851851851851853, -0.37407407407407406, -0.3888888888888889, -0.38796296296296295, -0.3425925925925926, -0.20833333333333334]","[1, 1, 1, 1, 1, 1, 1, 1, 1, 1, 1, 1, 1, 1, 1, 1, 1, 1, 1, 1]","[0, 0, 0, 0, 0, 0, 0, 0, 0, 0, 0, 0, 0, 0, 0, 0, 0, 0, 0, 0]","[0, 0, 0, 0, 0, 0, 0, 0, 0, 0, 0, 0, 0, 0, 0, 0, 0, 0, 0, 0]","[0.8099220999283716, 1.1657230999553576, 1.6373268999159336, 2.162367000011727, 2.6625202000141144, 3.307341399951838, 3.8068558999802917, 4.334579800022766, 4.80432130000554, 5.170327399973758, 5.580444899969734, 6.2344305999577045, 6.717070600017905, 7.1119641999248415, 7.444242500001565, 7.924952299916185, 8.374891799991019, 8.677019499940798, 9.068765399977565, 9.558966899989173]","['polygon_trial_2', 'polygon_trial_1', 'polygon_trial_9', 'polygon_trial_4', 'polygon_trial_5', 'polygon_trial_8', 'polygon_trial_14', 'polygon_trial_11', 'polygon_trial_19', 'polygon_trial_18', 'polygon_trial_17', 'polygon_trial_22', 'polygon_trial_30', 'polygon_trial_31', 'polygon_trial_32', 'polygon_trial_38', 'polygon_trial_35', 'polygon_trial_34', 'polygon_trial_33', 'polygon_trial_28']",0.0021511599188670516,None,60.454957899986766,None,space,9.831569099915214,60.454957899986766,None,70.3018978999462,None,,,,001,2022_Nov_01_1421,foraging_expt_rr,2021.2.3,59.993112808048195,
9,,,,,,,,,,,,,,,,,,,,,,,,,,,,,,,,,,,,,,,,,,,,,,,,,,,,,,,,,,,,,,,,,,,,,,,,,,,,,,,,,mediumvioletred,mediumpurple,mediumvioletred,mediumvioletred,mediumvioletred,mediumvioletred,mediumvioletred,mediumblue,mediumblue,mediumblue,mediumvioletred,mediumvioletred,mediumvioletred,mediumvioletred,mediumblue,mediumblue,mediumvioletred,mediumblue,mediumblue,mediumvioletred,mediumblue,mediumvioletred,mediumblue,mediumvioletred,mediumvioletred,mediumblue,mediumvioletred,mediumblue,mediumvioletred,mediumvioletred,mediumblue,mediumblue,mediumpurple,mediumpurple,mediumpurple,mediumblue,mediumvioletred,mediumblue,mediumpurple,mediumvioletred,,,,,0,5,5,8,,,,,,,,,,,,,,,,,,,,,,,,,,,,,,,,,,,,,,,,,,,,,,,,,,,,,,,,,,,,,,,,,,,,,,,,,,,,,,,,,,,,,,,,,,,,,,,,,,,,,,,,,,,,,,,,,,,,,,,,,,,,,71.34017330000643,None,71.34017330000643,None,71.34017330000643,None,71.34017330000643,None,71.34017330000643,None,71.34017330000643,None,71.34017330000643,None,71.34017330000643,None,71.34017330000643,None,71.34017330000643,None,71.34017330000643,None,71.34017330000643,None,71.34017330000643,None,71.34017330000643,None,71.34017330000643,None,71.34017330000643,None,71.34017330000643,None,71.34017330000643,None,71.34017330000643,None,71.34017330000643,None,71.34017330000643,None,71.34017330000643,None,71.34017330000643,None,71.34017330000643,None,71.34017330000643,None,71.34017330000643,None,71.34017330000643,None,71.34017330000643,None,71.34017330000643,None,71.34017330000643,None,71.34017330000643,None,71.34017330000643,None,71.34017330000643,None,71.34017330000643,None,71.34017330000643,None,71.34017330000643,None,71.34017330000643,None,71.34017330000643,None,71.34017330000643,None,71.34017330000643,None,[-0.400284    0.44232544],[-0.29976593  0.39667816],[-0.20005243  0.38882158],[-0.10037484  0.42721117],[6.95256793e-05 3.80605874e-01],[0.09955788 0.39877882],[0.20030946 0.44458562],[0.2992545  0.40148116],[-0.39992155  0.24861287],[-0.30066057  0.1634909 ],[-0.20044338  0.18906609],[-0.10087066  0.24917109],[0.00042388 0.19735025],[0.09904736 0.19797556],[0.2001019  0.14513522],[0.29924901 0.15943556],[-0.3997008  -0.00141743],[-0.2992547   0.01179472],[-0.20040356 -0.00243059],[-0.09991632  0.01573663],[ 0.00076211 -0.02423576],[ 0.10003209 -0.00451051],[0.20040075 0.03564679],[0.29978091 0.00841239],[-0.40030316 -0.1434616 ],[-0.29934604 -0.22197631],[-0.20020984 -0.23822882],[-0.10041751 -0.15272921],[ 0.00085345 -0.1886851 ],[ 0.10058247 -0.23313721],[ 0.1994224  -0.15796027],[ 0.29966221 -0.1727596 ],[-0.39928923 -0.45886726],[-0.30053576 -0.37979676],[-0.19945438 -0.45405753],[-0.10071715 -0.35397176],[ 0.0005095  -0.43213689],[ 0.09946679 -0.44073956],[ 0.20052007 -0.37563008],[ 0.30084181 -0.35837335],"[-0.2898148148148148, -0.3990740740740741, -0.3111111111111111, -0.3074074074074074, -0.2972222222222222, -0.18981481481481483, 0.020370370370370372, 0.2074074074074074, 0.20462962962962963, 0.29444444444444445, 0.3074074074074074, 0.2935185185185185, 0.19166666666666668, -0.10555555555555556, -0.3055555555555556, -0.29907407407407405, -0.39351851851851855, -0.18611111111111112, -0.10925925925925926, 0.08888888888888889, 0.2111111111111111]","[0.38981481481481484, 0.24444444444444444, 0.14351851851851852, 0.16111111111111112, 0.01574074074074074, 0.005555555555555556, -0.022222222222222223, 0.037037037037037035, 0.13518518518518519, 0.1638888888888889, 0.39351851851851855, -0.17777777777777778, -0.14351851851851852, -0.15462962962962962, -0.21574074074074073, -0.37407407407407406, -0.45555555555555555, -0.4462962962962963, -0.35185185185185186, -0.4388888888888889, -0.36574074074074076]","[1, 1, 1, 1, 1, 1, 1, 1, 1, 1, 1, 1, 1, 1, 1, 1, 1, 1, 1, 1, 1]","[0, 0, 0, 0, 0, 0, 0, 0, 0, 0, 0, 0, 0, 0, 0, 0, 0, 0, 0, 0, 0]","[0, 0, 0, 0, 0, 0, 0, 0, 0, 0, 0, 0, 0, 0, 0, 0, 0, 0, 0, 0, 0]","[0.602775999926962, 1.0631428000051528, 1.4290032000280917, 1.7676890000002459, 2.163787900004536, 2.618000000016764, 3.3078868000302464, 3.968512799940072, 4.388939799973741, 4.7756337999599054, 5.106304800021462, 5.727769199991599, 6.020397000014782, 6.456081799929962, 6.895163599983789, 7.330672399955802, 7.828400099999271, 8.408986199996434, 8.757979999994859, 9.192253299988806, 9.580799499992281]","['polygon_trial_2', 'polygon_trial_9', 'polygon_trial_10', 'polygon_trial_18', 'polygon_trial_19', 'polygon_trial_21', 'polygon_trial_23', 'polygon_trial_15', 'polygon_trial_16', 'polygon_trial_8', 'polygon_trial_32', 'polygon_trial_31', 'polygon_trial_28', 'polygon_trial_26', 'polygon_trial_34', 'polygon_trial_33', 'polygon_trial_35', 'polygon_trial_36', 'polygon_trial_38', 'polygon_trial_39']",0.0011698598973453045,None,71.34017330000643,None,space,9.930263200076297,71.34017330000643,None,81.28875730000436,None,,,,001,2022_Nov_01_1421,foraging_expt_rr,2021.2.3,59.993112808048195,
8,,,,,,,,,,,,,,,,,,,,,,,,,,,,,,,,,,,,,,,,,,,,,,,,,,,,,,,,,,,,,,,,,,,,,,,,,,,,,,,,,mediumvioletred,mediumblue,mediumpurple,mediumpurple,mediumvioletred,mediumvioletred,mediumblue,mediumpurple,mediumpurple,mediumpurple,mediumblue,mediumpurple,mediumvioletred,mediumpurple,mediumvioletred,mediumvioletred,mediumpurple,mediumvioletred,mediumvioletred,mediumvioletred,mediumvioletred,mediumvioletred,mediumpurple,mediumvioletred,mediumvioletred,mediumpurple,mediumpurple,mediumpurple,mediumvioletred,mediumpurple,mediumvioletred,mediumvioletred,mediumvioletred,mediumvioletred,mediumpurple,mediumpurple,mediumvioletred,mediumblue,mediumblue,mediumvioletred,,,,,0,6,6,7,,,,,,,,,,,,,,,,,,,,,,,,,,,,,,,,,,,,,,,,,,,,,,,,,,,,,,,,,,,,,,,,,,,,,,,,,,,,,,,,,,,,,,,,,,,,,,,,,,,,,,,,,,,,,,,,,,,,,,,,,,,,,82.32237289997283,None,82.32237289997283,None,82.32237289997283,None,82.32237289997283,None,82.32237289997283,None,82.32237289997283,None,82.32237289997283,None,82.32237289997283,None,82.32237289997283,None,82.32237289997283,None,82.32237289997283,None,82.32237289997283,None,82.32237289997283,None,82.32237289997283,None,82.32237289997283,None,82.32237289997283,None,82.32237289997283,None,82.32237289997283,None,82.32237289997283,None,82.32237289997283,None,82.32237289997283,None,82.32237289997283,None,82.32237289997283,None,82.32237289997283,None,82.32237289997283,None,82.32237289997283,None,82.32237289997283,None,82.32237289997283,None,82.32237289997283,None,82.32237289997283,None,82.32237289997283,None,82.32237289997283,None,82.32237289997283,None,82.32237289997283,None,82.32237289997283,None,82.32237289997283,None,82.32237289997283,None,82.32237289997283,None,82.32237289997283,None,82.32237289997283,None,[-0.40056725  0.35044855],[-0.30099429  0.39300918],[-0.20089542  0.40165527],[-0.10074258  0.42422359],[0.00068457 0.40108025],[0.1006187  0.43294915],[0.20070343 0.34139336],[0.30039943 0.44150655],[-0.39908885  0.15602538],[-0.30054359  0.17228765],[-0.19956112  0.25829918],[-0.09953876  0.17329651],[0.00096695 0.21501518],[0.09914837 0.20110085],[0.19982997 0.18280517],[0.29976484 0.17042791],[-0.40037743  0.04273256],[-0.30024375  0.05925227],[-0.20075937  0.04710189],[-0.1002247  -0.01387554],[ 0.00062951 -0.03179745],[0.09967401 0.04775556],[ 0.19959362 -0.04756621],[0.29925095 0.04863924],[-0.39952158 -0.17263762],[-0.30008938 -0.25888433],[-0.20027685 -0.19413645],[-0.09951734 -0.203844  ],[-0.00041053 -0.2146286 ],[ 0.10018569 -0.19573533],[ 0.20098032 -0.19255045],[ 0.29977117 -0.15479739],[-0.39954111 -0.37943415],[-0.29938436 -0.3961107 ],[-0.19923452 -0.38285658],[-0.10022953 -0.39841622],[ 0.00069467 -0.45532863],[ 0.10015292 -0.346522  ],[ 0.19945962 -0.36800712],[ 0.29919649 -0.42675098],"[-0.2935185185185185, -0.1935185185185185, -0.09351851851851851, 0.2074074074074074, 0.2962962962962963, -0.20092592592592592, -0.3138888888888889, -0.41759259259259257, -0.4185185185185185, -0.40555555555555556, -0.4027777777777778, -0.11203703703703703, 0.10833333333333334, 0.19722222222222222, 0.11296296296296296, -0.1037037037037037, -0.20185185185185187, -0.2935185185185185, -0.19907407407407407, -0.1, 0.10555555555555556, 0.1962962962962963]","[0.387037037037037, 0.39351851851851855, 0.42407407407407405, 0.3425925925925926, 0.43148148148148147, 0.2722222222222222, 0.16944444444444445, 0.14722222222222223, 0.1675925925925926, 0.15555555555555556, 0.049074074074074076, 0.17407407407407408, 0.21296296296296297, -0.05277777777777778, -0.19814814814814816, -0.20925925925925926, -0.18888888888888888, -0.24814814814814815, -0.3685185185185185, -0.39537037037037037, -0.3388888888888889, -0.36574074074074076]","[1, 1, 1, 1, 1, 1, 1, 1, 1, 1, 1, 1, 1, 1, 1, 1, 1, 1, 1, 1, 1, 1]","[0, 0, 0, 0, 0, 0, 0, 0, 0, 0, 0, 0, 0, 0, 0, 0, 0, 0, 0, 0, 0, 0]","[0, 0, 0, 0, 0, 0, 0, 0, 0, 0, 0, 0, 0, 0, 0, 0, 0, 0, 0, 0, 0, 0]","[0.6025157000403851, 0.9846267000539228, 1.5971924000186846, 2.2142421000171453, 2.628042900003493, 3.189406300080009, 3.690339000080712, 4.012904900009744, 4.481067400076427, 4.718770600040443, 5.099273800035007, 5.639144400018267, 6.026362300035544, 6.601200500037521, 7.123811200028285, 7.565286300028674, 7.929960500099696, 8.341959800105542, 8.811559300054796, 9.281284000026062, 9.832673500059173, 10.172082700068131]","['polygon_trial_2', 'polygon_trial_3', 'polygon_trial_4', 'polygon_trial_7', 'polygon_trial_8', 'polygon_trial_11', 'polygon_trial_10', 'polygon_trial_9', 'polygon_trial_17', 'polygon_trial_12', 'polygon_trial_14', 'polygon_trial_23', 'polygon_trial_30', 'polygon_trial_28', 'polygon_trial_27', 'polygon_trial_26', 'polygon_trial_35', 'polygon_trial_36', 'polygon_trial_38', 'polygon_trial_39']",0.0010664599249139428,None,82.32237289997283,None,space,10.428027599933557,82.32237289997283,None,92.7779418999562,None,,,,001,2022_Nov_01_1421,foraging_expt_rr,2021.2.3,59.993112808048195,
14,,,,,,,,,,,,,,,,,,,,,,,,,,,,,,,,,,,,,,,,,,,,,,,,,,,,,,,,,,,,,,,,,,,,,,,,,,,,,,,,,mediumvioletred,mediumvioletred,mediumvioletred,mediumvioletred,mediumpurple,mediumpurple,mediumblue,mediumvioletred,mediumpurple,mediumvioletred,mediumpurple,mediumvioletred,mediumpurple,mediumvioletred,mediumvioletred,mediumvioletred,mediumvioletred,mediumpurple,mediumvioletred,mediumblue,mediumvioletred,mediumvioletred,mediumpurple,mediumpurple,mediumblue,mediumvioletred,mediumvioletred,mediumvioletred,mediumpurple,mediumblue,mediumpurple,mediumvioletred,mediumpurple,mediumpurple,mediumvioletred,mediumpurple,mediumpurple,mediumpurple,mediumblue,mediumvioletred,,,,,0,7,7,13,,,,,,,,,,,,,,,,,,,,,,,,,,,,,,,,,,,,,,,,,,,,,,,,,,,,,,,,,,,,,,,,,,,,,,,,,,,,,,,,,,,,,,,,,,,,,,,,,,,,,,,,,,,,,,,,,,,,,,,,,,,,,93.80501349992119,None,93.80501349992119,None,93.80501349992119,None,93.80501349992119,None,93.80501349992119,None,93.80501349992119,None,93.80501349992119,None,93.80501349992119,None,93.80501349992119,None,93.80501349992119,None,93.80501349992119,None,93.80501349992119,None,93.80501349992119,None,93.80501349992119,None,93.80501349992119,None,93.80501349992119,None,93.80501349992119,None,93.80501349992119,None,93.80501349992119,None,93.80501349992119,None,93.80501349992119,None,93.80501349992119,None,93.80501349992119,None,93.80501349992119,None,93.80501349992119,None,93.80501349992119,None,93.80501349992119,None,93.80501349992119,None,93.80501349992119,None,93.80501349992119,None,93.80501349992119,None,93.80501349992119,None,93.80501349992119,None,93.80501349992119,None,93.80501349992119,None,93.80501349992119,None,93.80501349992119,None,93.80501349992119,None,93.80501349992119,None,93.80501349992119,None,[-0.39987114  0.4087187 ],[-0.30007818  0.34767084],[-0.20039258  0.45823572],[-0.09974801  0.44789108],[0.00070281 0.40774   ],[0.10038362 0.41200814],[0.19919305 0.35682455],[0.29921664 0.44486735],[-0.40054132  0.24882976],[-0.3003076   0.18082919],[-0.2006338  0.2551979],[-0.10078663  0.2586552 ],[3.69311867e-05 1.82995618e-01],[0.09928792 0.23653286],[0.20088412 0.1893399 ],[0.29937199 0.16406526],[-0.40029665 -0.0399539 ],[-0.30038591  0.03158115],[-0.19943565  0.01524125],[-0.10074    -0.01459349],[ 0.00019262 -0.03900975],[0.10003215 0.05183983],[0.20004344 0.02285449],[0.30038874 0.0338184 ],[-0.39918131 -0.14097905],[-0.29998819 -0.2491975 ],[-0.19900001 -0.23680898],[-0.09907765 -0.25196406],[-5.28216020e-05 -2.48770026e-01],[ 0.09992256 -0.24003222],[ 0.20036955 -0.20981496],[ 0.30091258 -0.24042083],[-0.40090543 -0.37815791],[-0.29987446 -0.37681377],[-0.19979212 -0.45130963],[-0.09945248 -0.44978864],[ 0.00086601 -0.367191  ],[ 0.10006366 -0.395005  ],[ 0.19961847 -0.45915152],[ 0.30078495 -0.39448229],"[0.012037037037037037, 0.10092592592592593, 0.19537037037037036, 0.008333333333333333, 0.0, -0.18981481481481483, -0.4064814814814815, -0.3138888888888889, -0.10925925925925926, 0.20092592592592592, 0.30648148148148147, 0.09907407407407408, 0.21203703703703702, -0.009259259259259259, -0.001851851851851852, 0.08796296296296297, 0.19074074074074074, -0.09537037037037037, -0.2972222222222222, -0.39166666666666666, -0.39166666666666666]","[0.40925925925925927, 0.41388888888888886, 0.3574074074074074, 0.16018518518518518, 0.1787037037037037, 0.2490740740740741, 0.262037037037037, 0.03888888888888889, -0.011111111111111112, 0.021296296296296296, 0.03425925925925926, -0.23796296296296296, -0.20555555555555555, -0.25555555555555554, -0.35462962962962963, -0.3851851851851852, -0.44351851851851853, -0.44907407407407407, -0.3712962962962963, -0.37962962962962965, -0.13796296296296295]","[1, 1, 1, 1, 1, 1, 1, 1, 1, 1, 1, 1, 1, 1, 1, 1, 1, 1, 1, 1, 1]","[0, 0, 0, 0, 0, 0, 0, 0, 0, 0, 0, 0, 0, 0, 0, 0, 0, 0, 0, 0, 0]","[0, 0, 0, 0, 0, 0, 0, 0, 0, 0, 0, 0, 0, 0, 0, 0, 0, 0, 0, 0, 0]","[0.7775231000268832, 1.2171310000121593, 1.6898588000331074, 2.2426232000580058, 2.5105951000005007, 2.9856402000878006, 3.4854786000214517, 4.035737700061873, 4.55912840005476, 5.082234600093216, 5.50067300000228, 6.067032200051472, 6.416500400053337, 6.822914400021546, 7.286997299990617, 7.666853600065224, 8.12877410009969, 8.680640600039624, 9.08856010006275, 9.410699100000784, 9.824597300030291]","['polygon_trial_5', 'polygon_trial_6', 'polygon_trial_7', 'polygon_trial_13', 'polygon_trial_11', 'polygon_trial_9', 'polygon_trial_18', 'polygon_trial_20', 'polygon_trial_23', 'polygon_trial_24', 'polygon_trial_30', 'polygon_trial_31', 'polygon_trial_29', 'polygon_trial_37', 'polygon_trial_38', 'polygon_trial_39', 'polygon_trial_36', 'polygon_trial_34', 'polygon_trial_33', 'polygon_trial_25']",0.0022330599604174495,None,93.80501349992119,None,space,10.129371299990453,93.80501349992119,None,103.97038820001762,None,,,,001,2022_Nov_01_1421,foraging_expt_rr,2021.2.3,59.993112808048195,
5,,,,,,,,,,,,,,,,,,,,,,,,,,,,,,,,,,,,,,,,,,,,,,,,,,,,,,,,,,,,,,,,,,,,,,,,,,,,,,,,,mediumpurple,mediumvioletred,mediumpurple,mediumpurple,mediumvioletred,mediumblue,mediumvioletred,mediumpurple,mediumpurple,mediumvioletred,mediumpurple,mediumvioletred,mediumvioletred,mediumpurple,mediumvioletred,mediumvioletred,mediumpurple,mediumpurple,mediumvioletred,mediumvioletred,mediumvioletred,mediumvioletred,mediumvioletred,mediumvioletred,mediumvioletred,mediumvioletred,mediumblue,mediumblue,mediumvioletred,mediumblue,mediumvioletred,mediumpurple,mediumpurple,mediumvioletred,mediumpurple,mediumpurple,mediumvioletred,mediumpurple,mediumpurple,mediumblue,,,,,0,8,8,4,,,,,,,,,,,,,,,,,,,,,,,,,,,,,,,,,,,,,,,,,,,,,,,,,,,,,,,,,,,,,,,,,,,,,,,,,,,,,,,,,,,,,,,,,,,,,,,,,,,,,,,,,,,,,,,,,,,,,,,,,,,,,105.01082229998428,None,105.01082229998428,None,105.01082229998428,None,105.01082229998428,None,105.01082229998428,None,105.01082229998428,None,105.01082229998428,None,105.01082229998428,None,105.01082229998428,None,105.01082229998428,None,105.01082229998428,None,105.01082229998428,None,105.01082229998428,None,105.01082229998428,None,105.01082229998428,None,105.01082229998428,None,105.01082229998428,None,105.01082229998428,None,105.01082229998428,None,105.01082229998428,None,105.01082229998428,None,105.01082229998428,None,105.01082229998428,None,105.01082229998428,None,105.01082229998428,None,105.01082229998428,None,105.01082229998428,None,105.01082229998428,None,105.01082229998428,None,105.01082229998428,None,105.01082229998428,None,105.01082229998428,None,105.01082229998428,None,105.01082229998428,None,105.01082229998428,None,105.01082229998428,None,105.01082229998428,None,105.01082229998428,None,105.01082229998428,None,105.01082229998428,None,[-0.40048557  0.40713684],[-0.29989438  0.36700499],[-0.19984101  0.34937747],[-0.10063161  0.36561836],[0.00099877 0.39221207],[0.09936813 0.38797975],[0.20009421 0.35402456],[0.29983148 0.40767958],[-0.40044912  0.25937764],[-0.29992172  0.23393128],[-0.1990322   0.18802855],[-0.10079537  0.17788564],[-0.00099188  0.14235645],[0.09999891 0.18821508],[0.20020536 0.16283594],[0.30076615 0.24983488],[-0.39907839 -0.0407782 ],[-0.30018843  0.02811855],[-0.19999238 -0.00410354],[-0.10094973 -0.00275275],[ 0.00032912 -0.00799698],[ 0.09911287 -0.03966326],[0.20072139 0.02316152],[ 0.29928944 -0.01526173],[-0.40036223 -0.17894929],[-0.29923546 -0.22245612],[-0.20056098 -0.15545503],[-0.10091528 -0.22989393],[ 0.00085426 -0.16504511],[ 0.09917785 -0.19602191],[ 0.20047982 -0.18093038],[ 0.30089412 -0.24811337],[-0.40085877 -0.43976157],[-0.29904152 -0.40507238],[-0.20022652 -0.41859248],[-0.10098381 -0.36969038],[-7.92609628e-05 -4.36460941e-01],[ 0.10044806 -0.42759716],[ 0.20050553 -0.37737965],[ 0.29951042 -0.39756202],"[-0.18703703703703703, -0.08888888888888889, 0.10925925925925926, 0.2935185185185185, 0.10462962962962963, -0.21481481481481482, -0.39351851851851855, -0.4064814814814815, -0.3, -0.39814814814814814, -0.18333333333333332, -0.10555555555555556, 0.08888888888888889, 0.30648148148148147, 0.3037037037037037, 0.1925925925925926, 0.09351851851851851, -0.10648148148148148, -0.19814814814814816, -0.39444444444444443]","[0.33796296296296297, 0.362962962962963, 0.38796296296296295, 0.4, 0.19074074074074074, 0.17685185185185184, 0.2601851851851852, 0.39814814814814814, 0.026851851851851852, -0.03518518518518519, -0.15925925925925927, -0.2351851851851852, -0.2074074074074074, -0.2462962962962963, -0.40185185185185185, -0.36944444444444446, -0.4287037037037037, -0.3712962962962963, -0.4064814814814815, -0.42962962962962964]","[1, 1, 1, 1, 1, 1, 1, 1, 1, 1, 1, 1, 1, 1, 1, 1, 1, 1, 1, 1]","[0, 0, 0, 0, 0, 0, 0, 0, 0, 0, 0, 0, 0, 0, 0, 0, 0, 0, 0, 0]","[0, 0, 0, 0, 0, 0, 0, 0, 0, 0, 0, 0, 0, 0, 0, 0, 0, 0, 0, 0]","[0.6339995000744238, 1.0429478000150993, 1.668654300039634, 2.1125072999857366, 2.6448511000489816, 3.085882500046864, 3.708349599968642, 4.18116410006769, 4.66360440000426, 4.967038500006311, 5.391191200003959, 5.91487540001981, 6.321249000029638, 6.8444459000602365, 7.253328899969347, 7.571929599973373, 7.95286900002975, 8.39411230001133, 8.77611670002807, 9.345997299998999]","['polygon_trial_3', 'polygon_trial_4', 'polygon_trial_6', 'polygon_trial_8', 'polygon_trial_14', 'polygon_trial_11', 'polygon_trial_9', 'polygon_trial_1', 'polygon_trial_18', 'polygon_trial_17', 'polygon_trial_27', 'polygon_trial_28', 'polygon_trial_30', 'polygon_trial_32', 'polygon_trial_40', 'polygon_trial_39', 'polygon_trial_38', 'polygon_trial_36', 'polygon_trial_35', 'polygon_trial_33']",0.013183219940401614,None,105.01082229998428,None,space,9.651624700054526,105.01082229998428,None,114.70190320000984,None,,,,001,2022_Nov_01_1421,foraging_expt_rr,2021.2.3,59.993112808048195,
4,,,,,,,,,,,,,,,,,,,,,,,,,,,,,,,,,,,,,,,,,,,,,,,,,,,,,,,,,,,,,,,,,,,,,,,,,,,,,,,,,mediumpurple,mediumblue,mediumvioletred,mediumvioletred,mediumpurple,mediumvioletred,mediumpurple,mediumblue,mediumvioletred,mediumvioletred,mediumblue,mediumpurple,mediumvioletred,mediumpurple,mediumblue,mediumvioletred,mediumvioletred,mediumvioletred,mediumvioletred,mediumvioletred,mediumvioletred,mediumvioletred,mediumvioletred,mediumpurple,mediumpurple,mediumblue,mediumvioletred,mediumblue,mediumpurple,mediumpurple,mediumvioletred,mediumvioletred,mediumblue,mediumvioletred,mediumpurple,mediumblue,mediumvioletred,mediumvioletred,mediumblue,mediumblue,,,,,0,9,9,3,,,,,,,,,,,,,,,,,,,,,,,,,,,,,,,,,,,,,,,,,,,,,,,,,,,,,,,,,,,,,,,,,,,,,,,,,,,,,,,,,,,,,,,,,,,,,,,,,,,,,,,,,,,,,,,,,,,,,,,,,,,,,115.73954550002236,None,115.73954550002236,None,115.73954550002236,None,115.73954550002236,None,115.73954550002236,None,115.73954550002236,None,115.73954550002236,None,115.73954550002236,None,115.73954550002236,None,115.73954550002236,None,115.73954550002236,None,115.73954550002236,None,115.73954550002236,None,115.73954550002236,None,115.73954550002236,None,115.73954550002236,None,115.73954550002236,None,115.73954550002236,None,115.73954550002236,None,115.73954550002236,None,115.73954550002236,None,115.73954550002236,None,115.73954550002236,None,115.73954550002236,None,115.73954550002236,None,115.73954550002236,None,115.73954550002236,None,115.73954550002236,None,115.73954550002236,None,115.73954550002236,None,115.73954550002236,None,115.73954550002236,None,115.73954550002236,None,115.73954550002236,None,115.73954550002236,None,115.73954550002236,None,115.73954550002236,None,115.73954550002236,None,115.73954550002236,None,115.73954550002236,None,[-0.39907344  0.44321479],[-0.3009175   0.41103978],[-0.19999906  0.44559072],[-0.09905127  0.36623675],[-1.95035323e-04  3.47805161e-01],[0.0994591  0.41782035],[0.19932215 0.42009815],[0.30057579 0.40510362],[-0.39909086  0.24192456],[-0.29993046  0.17115506],[-0.20052642  0.24992974],[-0.10003591  0.21776328],[-0.00065703  0.25647235],[0.10094777 0.22172809],[0.19957707 0.25518895],[0.29943045 0.22242664],[-0.40066375 -0.04214784],[-0.30029133  0.03877893],[-0.19945719 -0.041035  ],[-0.10046905 -0.05897874],[0.00032932 0.01751865],[0.0991365  0.05466527],[0.20021447 0.04573349],[ 0.29933469 -0.04556617],[-0.39956311 -0.23301097],[-0.30003799 -0.21352077],[-0.20034638 -0.2514567 ],[-0.1008676  -0.20459865],[ 0.00049137 -0.17788253],[ 0.09924255 -0.19900417],[ 0.20050464 -0.14679665],[ 0.30095719 -0.17162625],[-0.39985867 -0.37059275],[-0.29902919 -0.34412403],[-0.19964248 -0.44924838],[-0.10026523 -0.45782926],[ 6.25464029e-05 -4.55859438e-01],[ 0.09922796 -0.45753862],[ 0.20026644 -0.37905613],[ 0.2997875  -0.36138273],"[-0.19814814814814816, -0.3138888888888889, -0.38796296296296295, -0.10648148148148148, 0.004629629629629629, 0.09444444444444444, 0.20185185185185187, 0.30185185185185187, 0.1962962962962963, 0.30092592592592593, 0.09722222222222222, -0.005555555555555556, -0.12777777777777777, -0.10092592592592593, -0.2953703703703704, -0.40370370370370373, -0.19444444444444445, -0.10185185185185185, -0.40370370370370373, 0.20092592592592592, 0.29814814814814816]","[0.2518518518518518, 0.4166666666666667, 0.4398148148148148, 0.21944444444444444, 0.34074074074074073, 0.22777777777777777, 0.4212962962962963, -0.05185185185185185, 0.2675925925925926, 0.4064814814814815, -0.2064814814814815, -0.17685185185185184, -0.2, -0.20277777777777778, -0.20833333333333334, -0.23796296296296296, -0.45, -0.4601851851851852, -0.35833333333333334, -0.3731481481481482, -0.36203703703703705]","[1, 1, 1, 1, 1, 1, 1, 1, 1, 1, 1, 1, 1, 1, 1, 1, 1, 1, 1, 1, 1]","[0, 0, 0, 0, 0, 0, 0, 0, 0, 0, 0, 0, 0, 0, 0, 0, 0, 0, 0, 0, 0]","[0, 0, 0, 0, 0, 0, 0, 0, 0, 0, 0, 0, 0, 0, 0, 0, 0, 0, 0, 0, 0]","[0.6337826000526547, 1.0730803000042215, 1.4313225001096725, 2.075889000087045, 2.634638600051403, 3.0422680000774562, 3.563205400016159, 4.114893000107259, 4.495993800112046, 4.995805500075221, 5.700148500036448, 6.087118300027214, 6.481784300063737, 6.754034500103444, 7.265957500087097, 7.631392600014806, 8.175190100097097, 8.50839780003298, 9.046523100114428, 9.639869600068778, 10.14707070006989]","['polygon_trial_11', 'polygon_trial_2', 'polygon_trial_1', 'polygon_trial_12', 'polygon_trial_5', 'polygon_trial_14', 'polygon_trial_7', 'polygon_trial_24', 'polygon_trial_15', 'polygon_trial_8', 'polygon_trial_30', 'polygon_trial_29', 'polygon_trial_28', 'polygon_trial_26', 'polygon_trial_25', 'polygon_trial_35', 'polygon_trial_36', 'polygon_trial_33', 'polygon_trial_39', 'polygon_trial_40']",0.001443259883671999,None,115.73954550002236,None,space,10.514849000028335,115.73954550002236,None,126.28457529994193,None,,,,001,2022_Nov_01_1421,foraging_expt_rr,2021.2.3,59.993112808048195,
12,,,,,,,,,,,,,,,,,,,,,,,,,,,,,,,,,,,,,,,,,,,,,,,,,,,,,,,,,,,,,,,,,,,,,,,,,,,,,,,,,mediumvioletred,mediumvioletred,mediumvioletred,mediumvioletred,mediumvioletred,mediumpurple,mediumblue,mediumvioletred,mediumvioletred,mediumvioletred,mediumblue,mediumvioletred,mediumvioletred,mediumvioletred,mediumblue,mediumpurple,mediumblue,mediumvioletred,mediumblue,mediumpurple,mediumblue,mediumpurple,mediumvioletred,mediumblue,mediumblue,mediumpurple,mediumblue,mediumvioletred,mediumblue,mediumblue,mediumvioletred,mediumblue,mediumvioletred,mediumvioletred,mediumvioletred,mediumvioletred,mediumvioletred,mediumblue,mediumblue,mediumblue,,,,,0,10,10,11,,,,,,,,,,,,,,,,,,,,,,,,,,,,,,,,,,,,,,,,,,,,,,,,,,,,,,,,,,,,,,,,,,,,,,,,,,,,,,,,,,,,,,,,,,,,,,,,,,,,,,,,,,,,,,,,,,,,,,,,,,,,,127.3227501999354,None,127.3227501999354,None,127.3227501999354,None,127.3227501999354,None,127.3227501999354,None,127.3227501999354,None,127.3227501999354,None,127.3227501999354,None,127.3227501999354,None,127.3227501999354,None,127.3227501999354,None,127.3227501999354,None,127.3227501999354,None,127.3227501999354,None,127.3227501999354,None,127.3227501999354,None,127.3227501999354,None,127.3227501999354,None,127.3227501999354,None,127.3227501999354,None,127.3227501999354,None,127.3227501999354,None,127.3227501999354,None,127.3227501999354,None,127.3227501999354,None,127.3227501999354,None,127.3227501999354,None,127.3227501999354,None,127.3227501999354,None,127.3227501999354,None,127.3227501999354,None,127.3227501999354,None,127.3227501999354,None,127.3227501999354,None,127.3227501999354,None,127.3227501999354,None,127.3227501999354,None,127.3227501999354,None,127.3227501999354,None,127.3227501999354,None,[-0.40073355  0.44150663],[-0.29944244  0.36837397],[-0.20017017  0.44337827],[-0.09926     0.35467964],[1.71337579e-04 3.83469583e-01],[0.10090918 0.40587061],[0.19979091 0.39900219],[0.30021814 0.43305182],[-0.40074274  0.23183792],[-0.30050482  0.142795  ],[-0.20092131  0.17086113],[-0.10057691  0.16541381],[-0.00039548  0.2060753 ],[0.1004961  0.23081205],[0.20079813 0.1616719 ],[0.30015139 0.16295441],[-0.40045699 -0.02479357],[-0.30097855  0.02206637],[-0.19912041  0.00692092],[-0.09987522 -0.0007331 ],[ 0.0003892  -0.03804729],[0.10090109 0.00284106],[0.1993322  0.03856178],[0.30034843 0.05632233],[-0.39949903 -0.21907454],[-0.29922096 -0.15855184],[-0.20023427 -0.18208663],[-0.10079202 -0.22806065],[ 0.00084132 -0.15964339],[ 0.10099076 -0.16656523],[ 0.20058418 -0.17933471],[ 0.30058269 -0.25627238],[-0.40098095 -0.40497948],[-0.29937792 -0.37937902],[-0.19969368 -0.44786539],[-0.09967766 -0.37981775],[ 7.18906845e-05 -4.57243745e-01],[ 0.1004339 -0.4455771],[ 0.20057101 -0.42192704],[ 0.29950332 -0.44950823],"[-0.1962962962962963, 0.09814814814814815, 0.21388888888888888, 0.2101851851851852, 0.29814814814814816, 0.2962962962962963, 0.09351851851851851, 0.005555555555555556, -0.10648148148148148, -0.18888888888888888, -0.38981481481481484, -0.4009259259259259, -0.31574074074074077, -0.20277777777777778, 0.003703703703703704, 0.10462962962962963, 0.3, 0.3037037037037037, 0.18611111111111112, 0.10185185185185185]","[0.1814814814814815, 0.4046296296296296, 0.39351851851851855, 0.16666666666666666, 0.16111111111111112, 0.058333333333333334, -0.008333333333333333, -0.046296296296296294, -0.010185185185185186, 0.007407407407407408, -0.023148148148148147, -0.2074074074074074, -0.1685185185185185, -0.17777777777777778, -0.15092592592592594, -0.1685185185185185, -0.24814814814814815, -0.45092592592592595, -0.4111111111111111, -0.4444444444444444]","[1, 1, 1, 1, 1, 1, 1, 1, 1, 1, 1, 1, 1, 1, 1, 1, 1, 1, 1, 1]","[0, 0, 0, 0, 0, 0, 0, 0, 0, 0, 0, 0, 0, 0, 0, 0, 0, 0, 0, 0]","[0, 0, 0, 0, 0, 0, 0, 0, 0, 0, 0, 0, 0, 0, 0, 0, 0, 0, 0, 0]","[0.7203240999951959, 1.4411854000063613, 1.798896300024353, 2.3466186000732705, 2.7676544000860304, 3.2452632000204176, 3.665957699995488, 4.054331400082447, 4.509290900081396, 4.84374620008748, 5.469065800076351, 6.0270111000863835, 6.376456100028008, 6.895873700035736, 7.643141700071283, 8.02360920002684, 8.514737100107595, 9.032623100094497, 9.326135200099088, 9.74554870009888]","['polygon_trial_11', 'polygon_trial_6', 'polygon_trial_7', 'polygon_trial_15', 'polygon_trial_16', 'polygon_trial_24', 'polygon_trial_22', 'polygon_trial_21', 'polygon_trial_20', 'polygon_trial_19', 'polygon_trial_17', 'polygon_trial_25', 'polygon_trial_26', 'polygon_trial_27', 'polygon_trial_29', 'polygon_trial_30', 'polygon_trial_32', 'polygon_trial_40', 'polygon_trial_39', 'polygon_trial_38']",0.0011431599268689752,None,127.3227501999354,None,space,10.05170910002198,127.3227501999354,None,137.4158722999273,None,,,,001,2022_Nov_01_1421,foraging_expt_rr,2021.2.3,59.993112808048195,
6,,,,,,,,,,,,,,,,,,,,,,,,,,,,,,,,,,,,,,,,,,,,,,,,,,,,,,,,,,,,,,,,,,,,,,,,,,,,,,,,,mediumvioletred,mediumblue,mediumblue,mediumblue,mediumblue,mediumblue,mediumvioletred,mediumvioletred,mediumvioletred,mediumvioletred,mediumblue,mediumpurple,mediumvioletred,mediumvioletred,mediumblue,mediumvioletred,mediumvioletred,mediumblue,mediumvioletred,mediumblue,mediumvioletred,mediumvioletred,mediumvioletred,mediumvioletred,mediumvioletred,mediumblue,mediumvioletred,mediumblue,mediumpurple,mediumvioletred,mediumvioletred,mediumblue,mediumvioletred,mediumpurple,mediumpurple,mediumpurple,mediumblue,mediumblue,mediumblue,mediumvioletred,,,,,0,11,11,5,,,,,,,,,,,,,,,,,,,,,,,,,,,,,,,,,,,,,,,,,,,,,,,,,,,,,,,,,,,,,,,,,,,,,,,,,,,,,,,,,,,,,,,,,,,,,,,,,,,,,,,,,,,,,,,,,,,,,,,,,,,,,138.45612839993555,None,138.45612839993555,None,138.45612839993555,None,138.45612839993555,None,138.45612839993555,None,138.45612839993555,None,138.45612839993555,None,138.45612839993555,None,138.45612839993555,None,138.45612839993555,None,138.45612839993555,None,138.45612839993555,None,138.45612839993555,None,138.45612839993555,None,138.45612839993555,None,138.45612839993555,None,138.45612839993555,None,138.45612839993555,None,138.45612839993555,None,138.45612839993555,None,138.45612839993555,None,138.45612839993555,None,138.45612839993555,None,138.45612839993555,None,138.45612839993555,None,138.45612839993555,None,138.45612839993555,None,138.45612839993555,None,138.45612839993555,None,138.45612839993555,None,138.45612839993555,None,138.45612839993555,None,138.45612839993555,None,138.45612839993555,None,138.45612839993555,None,138.45612839993555,None,138.45612839993555,None,138.45612839993555,None,138.45612839993555,None,138.45612839993555,None,[-0.39976186  0.43725329],[-0.29977701  0.34242097],[-0.19955543  0.45226088],[-0.0995714   0.37525994],[0.00073359 0.42969175],[0.09936789 0.42623879],[0.1994546  0.43851645],[0.29920447 0.41769588],[-0.39997776  0.23686255],[-0.2995735   0.24824995],[-0.200742  0.151746],[-0.09942277  0.22634004],[-0.0006154   0.25684823],[0.09992826 0.16104129],[0.20078202 0.19381988],[0.29964732 0.24712351],[-0.39964395  0.02379218],[-0.29950924  0.05322632],[-0.20078558 -0.0030409 ],[-0.09918432  0.05899471],[-0.0007748   0.02774244],[0.10044829 0.00115316],[ 0.19912125 -0.04653083],[ 0.29977779 -0.05420285],[-0.40050165 -0.16047604],[-0.30046892 -0.16256346],[-0.2003405  -0.21574493],[-0.09902403 -0.2134649 ],[-0.00087237 -0.22333421],[ 0.10084692 -0.16740602],[ 0.20078418 -0.1499937 ],[ 0.29911168 -0.17517206],[-0.39941685 -0.36325571],[-0.30096365 -0.44211909],[-0.19931135 -0.34753192],[-0.09963849 -0.37176038],[ 0.00045502 -0.42900005],[ 0.1005955  -0.38353921],[ 0.19999764 -0.37263598],[ 0.3004821 -0.4405613],"[-0.20185185185185187, -0.1, -0.001851851851851852, 0.09444444444444444, 0.1962962962962963, -0.09351851851851851, -0.30185185185185187, -0.21296296296296297, -0.10833333333333334, -0.30092592592592593, -0.2972222222222222, -0.09166666666666666, 0.008333333333333333, 0.29907407407407405, 0.2064814814814815, 0.09351851851851851, -0.002777777777777778, -0.10092592592592593, -0.2, -0.2898148148148148]","[0.4537037037037037, 0.3731481481481482, 0.4361111111111111, 0.42592592592592593, 0.1935185185185185, 0.22870370370370371, 0.34444444444444444, 0.14814814814814814, 0.06481481481481481, 0.05740740740740741, -0.1638888888888889, -0.20925925925925926, -0.21666666666666667, -0.17962962962962964, -0.3787037037037037, -0.37962962962962965, -0.4287037037037037, -0.3731481481481482, -0.34814814814814815, -0.44166666666666665]","[1, 1, 1, 1, 1, 1, 1, 1, 1, 1, 1, 1, 1, 1, 1, 1, 1, 1, 1, 1]","[0, 0, 0, 0, 0, 0, 0, 0, 0, 0, 0, 0, 0, 0, 0, 0, 0, 0, 0, 0]","[0, 0, 0, 0, 0, 0, 0, 0, 0, 0, 0, 0, 0, 0, 0, 0, 0, 0, 0, 0]","[0.7284035999327898, 1.120130099938251, 1.5660401999484748, 1.8884357999777421, 2.3598040000069886, 2.799284699955024, 3.2657514999154955, 3.7340321999508888, 4.173984399996698, 4.681900499970652, 5.164197399979457, 5.775496999965981, 6.132006699917838, 6.7176772999810055, 7.1895527999149635, 7.507092999992892, 8.036457899957895, 8.392127399914898, 8.832134499913082, 9.280191899975762]","['polygon_trial_3', 'polygon_trial_4', 'polygon_trial_5', 'polygon_trial_6', 'polygon_trial_15', 'polygon_trial_12', 'polygon_trial_2', 'polygon_trial_11', 'polygon_trial_20', 'polygon_trial_18', 'polygon_trial_26', 'polygon_trial_28', 'polygon_trial_29', 'polygon_trial_32', 'polygon_trial_39', 'polygon_trial_38', 'polygon_trial_37', 'polygon_trial_36', 'polygon_trial_35', 'polygon_trial_34']",0.001540859928354621,None,138.45612839993555,None,space,9.67016760003753,138.45612839993555,None,148.16687700001057,None,,,,001,2022_Nov_01_1421,foraging_expt_rr,2021.2.3,59.993112808048195,
7,,,,,,,,,,,,,,,,,,,,,,,,,,,,,,,,,,,,,,,,,,,,,,,,,,,,,,,,,,,,,,,,,,,,,,,,,,,,,,,,,mediumvioletred,mediumblue,mediumpurple,mediumvioletred,mediumpurple,mediumpurple,mediumvioletred,mediumblue,mediumvioletred,mediumpurple,mediumblue,mediumvioletred,mediumblue,mediumvioletred,mediumpurple,mediumvioletred,mediumvioletred,mediumvioletred,mediumvioletred,mediumvioletred,mediumblue,mediumblue,mediumblue,mediumblue,mediumvioletred,mediumvioletred,mediumblue,mediumvioletred,mediumvioletred,mediumpurple,mediumblue,mediumvioletred,mediumvioletred,mediumvioletred,mediumpurple,mediumpurple,mediumvioletred,mediumpurple,mediumpurple,mediumvioletred,,,,,0,12,12,6,,,,,,,,,,,,,,,,,,,,,,,,,,,,,,,,,,,,,,,,,,,,,,,,,,,,,,,,,,,,,,,,,,,,,,,,,,,,,,,,,,,,,,,,,,,,,,,,,,,,,,,,,,,,,,,,,,,,,,,,,,,,,149.20623330003582,None,149.20623330003582,None,149.20623330003582,None,149.20623330003582,None,149.20623330003582,None,149.20623330003582,None,149.20623330003582,None,149.20623330003582,None,149.20623330003582,None,149.20623330003582,None,149.20623330003582,None,149.20623330003582,None,149.20623330003582,None,149.20623330003582,None,149.20623330003582,None,149.20623330003582,None,149.20623330003582,None,149.20623330003582,None,149.20623330003582,None,149.20623330003582,None,149.20623330003582,None,149.20623330003582,None,149.20623330003582,None,149.20623330003582,None,149.20623330003582,None,149.20623330003582,None,149.20623330003582,None,149.20623330003582,None,149.20623330003582,None,149.20623330003582,None,149.20623330003582,None,149.20623330003582,None,149.20623330003582,None,149.20623330003582,None,149.20623330003582,None,149.20623330003582,None,149.20623330003582,None,149.20623330003582,None,149.20623330003582,None,149.20623330003582,None,[-0.40019581  0.37858962],[-0.29965245  0.3659966 ],[-0.20090145  0.36899216],[-0.10004554  0.44437074],[0.00047529 0.40458234],[0.10039774 0.37439212],[0.19917358 0.40891837],[0.29922033 0.43316046],[-0.3997906   0.17712601],[-0.29924801  0.17671024],[-0.20067998  0.24015674],[-0.10061854  0.22366426],[-0.00044214  0.18512322],[0.09944204 0.17256094],[0.19971423 0.25523545],[0.29996501 0.23183965],[-0.39992622  0.03770073],[-0.30079979  0.02106681],[-0.19966166 -0.05747782],[-0.10044256  0.01974467],[-0.00097651  0.03822534],[ 0.0996807  -0.04609984],[ 0.20002386 -0.05144732],[ 0.30065223 -0.05775226],[-0.40056866 -0.1673203 ],[-0.30085369 -0.20364214],[-0.20093938 -0.15889526],[-0.09901457 -0.17574613],[ 0.00085385 -0.15135218],[ 0.1000027  -0.20403231],[ 0.19944313 -0.16055811],[ 0.29907178 -0.1642289 ],[-0.39924524 -0.38859794],[-0.29951811 -0.39639832],[-0.20077177 -0.45737921],[-0.09915563 -0.34631472],[-0.00064539 -0.39675102],[ 0.09952604 -0.40441038],[ 0.20092701 -0.34739874],[ 0.30059804 -0.43220774],"[-0.2972222222222222, -0.19537037037037036, -0.20185185185185187, -0.30092592592592593, -0.012037037037037037, -0.000925925925925926, 0.11481481481481481, 0.20277777777777778, 0.2962962962962963, 0.000925925925925926, 0.10462962962962963, 0.19537037037037036, 0.29907407407407405, 0.2, 0.10277777777777777, -0.2037037037037037, -0.11481481481481481, -0.09722222222222222, -0.20092592592592592, 0.10833333333333334, 0.20462962962962963]","[0.37037037037037035, 0.37222222222222223, 0.2388888888888889, 0.17685185185185184, 0.18703703703703703, 0.3962962962962963, 0.3731481481481482, 0.262037037037037, 0.43703703703703706, 0.03981481481481482, -0.044444444444444446, -0.049074074074074076, -0.062037037037037036, -0.15648148148148147, -0.20092592592592592, -0.15092592592592594, -0.3333333333333333, -0.3435185185185185, -0.44814814814814813, -0.3990740740740741, -0.34444444444444444]","[1, 1, 1, 1, 1, 1, 1, 1, 1, 1, 1, 1, 1, 1, 1, 1, 1, 1, 1, 1, 1]","[0, 0, 0, 0, 0, 0, 0, 0, 0, 0, 0, 0, 0, 0, 0, 0, 0, 0, 0, 0, 0]","[0, 0, 0, 0, 0, 0, 0, 0, 0, 0, 0, 0, 0, 0, 0, 0, 0, 0, 0, 0, 0]","[0.8163345000939444, 1.172223100089468, 1.6498185000382364, 2.129394100047648, 2.514511900022626, 2.929713800083846, 3.3761935000075027, 3.786365600069985, 4.230534500093199, 4.769833900034428, 5.250568400020711, 5.631212700041942, 6.044348500086926, 6.509629800100811, 6.917548700002953, 7.438424000050873, 7.933856200077571, 8.342317000031471, 8.780839300015941, 9.306544600054622, 9.811965700006112]","['polygon_trial_2', 'polygon_trial_3', 'polygon_trial_11', 'polygon_trial_10', 'polygon_trial_13', 'polygon_trial_5', 'polygon_trial_6', 'polygon_trial_15', 'polygon_trial_8', 'polygon_trial_21', 'polygon_trial_22', 'polygon_trial_23', 'polygon_trial_24', 'polygon_trial_31', 'polygon_trial_30', 'polygon_trial_27', 'polygon_trial_36', 'polygon_trial_35', 'polygon_trial_38', 'polygon_trial_39']",0.0012864600867033005,None,149.20623330003582,None,space,10.06399870000314,149.20623330003582,None,159.30316789995413,None,,,,001,2022_Nov_01_1421,foraging_expt_rr,2021.2.3,59.993112808048195,
3,,,,,,,,,,,,,,,,,,,,,,,,,,,,,,,,,,,,,,,,,,,,,,,,,,,,,,,,,,,,,,,,,,,,,,,,,,,,,,,,,mediumpurple,mediumvioletred,mediumblue,mediumvioletred,mediumblue,mediumpurple,mediumvioletred,mediumvioletred,mediumvioletred,mediumblue,mediumblue,mediumblue,mediumpurple,mediumpurple,mediumvioletred,mediumvioletred,mediumvioletred,mediumblue,mediumvioletred,mediumblue,mediumblue,mediumpurple,mediumvioletred,mediumblue,mediumblue,mediumvioletred,mediumvioletred,mediumblue,mediumvioletred,mediumvioletred,mediumblue,mediumblue,mediumvioletred,mediumvioletred,mediumblue,mediumblue,mediumvioletred,mediumvioletred,mediumvioletred,mediumvioletred,,,,,0,13,13,2,,,,,,,,,,,,,,,,,,,,,,,,,,,,,,,,,,,,,,,,,,,,,,,,,,,,,,,,,,,,,,,,,,,,,,,,,,,,,,,,,,,,,,,,,,,,,,,,,,,,,,,,,,,,,,,,,,,,,,,,,,,,,160.33873339998536,None,160.33873339998536,None,160.33873339998536,None,160.33873339998536,None,160.33873339998536,None,160.33873339998536,None,160.33873339998536,None,160.33873339998536,None,160.33873339998536,None,160.33873339998536,None,160.33873339998536,None,160.33873339998536,None,160.33873339998536,None,160.33873339998536,None,160.33873339998536,None,160.33873339998536,None,160.33873339998536,None,160.33873339998536,None,160.33873339998536,None,160.33873339998536,None,160.33873339998536,None,160.33873339998536,None,160.33873339998536,None,160.33873339998536,None,160.33873339998536,None,160.33873339998536,None,160.33873339998536,None,160.33873339998536,None,160.33873339998536,None,160.33873339998536,None,160.33873339998536,None,160.33873339998536,None,160.33873339998536,None,160.33873339998536,None,160.33873339998536,None,160.33873339998536,None,160.33873339998536,None,160.33873339998536,None,160.33873339998536,None,160.33873339998536,None,[-0.40053212  0.38707163],[-0.30019732  0.43001371],[-0.19915329  0.35743787],[-0.09926093  0.41207839],[-0.00093839  0.39628683],[0.09946271 0.4587778 ],[0.19922146 0.38545165],[0.29944898 0.3501899 ],[-0.39997368  0.25528156],[-0.29954053  0.16670211],[-0.19999806  0.22341179],[-0.10040892  0.23419068],[0.00033602 0.23026261],[0.09999581 0.20926025],[0.19945473 0.25496673],[0.29963995 0.14663236],[-0.39999141 -0.03184108],[-0.30022957 -0.03979704],[-0.19908034 -0.02853926],[-0.10099602  0.04686734],[ 0.00083109 -0.05711688],[0.10068213 0.0065166 ],[ 0.20031877 -0.01690344],[0.29953225 0.02174447],[-0.39938104 -0.191104  ],[-0.30026664 -0.17930721],[-0.20049685 -0.24456094],[-0.10075952 -0.22744083],[-8.20165739e-05 -2.41946451e-01],[ 0.1000061  -0.15323845],[ 0.20076937 -0.25925784],[ 0.30039441 -0.22689726],[-0.39905273 -0.44180856],[-0.30082563 -0.40474445],[-0.20050783 -0.36630641],[-0.09993608 -0.36488787],[ 0.00097628 -0.37623441],[ 0.10046953 -0.45411435],[ 0.20076663 -0.3424464 ],[ 0.30010101 -0.34729286],"[-0.2037037037037037, -0.39166666666666666, 0.000925925925925926, 0.08981481481481482, 0.10648148148148148, -0.009259259259259259, -0.08518518518518518, -0.18888888888888888, -0.27685185185185185, -0.2916666666666667, -0.08518518518518518, -0.006481481481481481, 0.09259259259259259, 0.2935185185185185, 0.3, 0.1814814814814815, -0.09074074074074075, -0.09259259259259259, -0.1935185185185185, -0.40370370370370373, -0.30185185185185187]","[0.34814814814814815, 0.3851851851851852, 0.4009259259259259, 0.462037037037037, 0.20092592592592592, 0.22314814814814815, 0.22870370370370371, 0.22685185185185186, 0.17962962962962964, 0.17037037037037037, 0.04722222222222222, -0.06481481481481481, 0.011111111111111112, 0.032407407407407406, -0.22314814814814815, -0.2518518518518518, -0.21574074074074073, -0.362962962962963, -0.3592592592592593, -0.18055555555555555, -0.03796296296296296]","[1, 1, 1, 1, 1, 1, 1, 1, 1, 1, 1, 1, 1, 1, 1, 1, 1, 1, 1, 1, 1]","[0, 0, 0, 0, 0, 0, 0, 0, 0, 0, 0, 0, 0, 0, 0, 0, 0, 0, 0, 0, 0]","[0, 0, 0, 0, 0, 0, 0, 0, 0, 0, 0, 0, 0, 0, 0, 0, 0, 0, 0, 0, 0]","[0.5156255000038072, 1.0759184999624267, 1.6352674000663683, 1.9899626000551507, 2.4332240000367165, 2.8199503000359982, 3.1490067000268027, 3.557686800020747, 4.021578200045042, 4.320530400029384, 4.800437600002624, 5.231165700010024, 5.677280200063251, 6.173528900020756, 6.666506699984893, 7.158187899971381, 7.9743563999654725, 8.497536199982278, 9.019555500010028, 9.573149900068529, 10.081716899992898]","['polygon_trial_3', 'polygon_trial_1', 'polygon_trial_5', 'polygon_trial_6', 'polygon_trial_14', 'polygon_trial_13', 'polygon_trial_12', 'polygon_trial_11', 'polygon_trial_10', 'polygon_trial_20', 'polygon_trial_21', 'polygon_trial_22', 'polygon_trial_24', 'polygon_trial_32', 'polygon_trial_28', 'polygon_trial_36', 'polygon_trial_35', 'polygon_trial_25', 'polygon_trial_18']",0.00202265998814255,None,160.33873339998536,None,space,10.387506300001405,160.33873339998536,None,170.76221660000738,None,,,,001,2022_Nov_01_1421,foraging_expt_rr,2021.2.3,59.993112808048195,
10,,,,,,,,,,,,,,,,,,,,,,,,,,,,,,,,,,,,,,,,,,,,,,,,,,,,,,,,,,,,,,,,,,,,,,,,,,,,,,,,,mediumpurple,mediumpurple,mediumvioletred,mediumvioletred,mediumpurple,mediumpurple,mediumvioletred,mediumvioletred,mediumvioletred,mediumvioletred,mediumblue,mediumblue,mediumblue,mediumvioletred,mediumvioletred,mediumblue,mediumvioletred,mediumblue,mediumvioletred,mediumpurple,mediumblue,mediumpurple,mediumpurple,mediumblue,mediumvioletred,mediumvioletred,mediumblue,mediumvioletred,mediumblue,mediumvioletred,mediumvioletred,mediumblue,mediumvioletred,mediumvioletred,mediumpurple,mediumvioletred,mediumpurple,mediumvioletred,mediumpurple,mediumvioletred,,,,,0,14,14,9,,,,,,,,,,,,,,,,,,,,,,,,,,,,,,,,,,,,,,,,,,,,,,,,,,,,,,,,,,,,,,,,,,,,,,,,,,,,,,,,,,,,,,,,,,,,,,,,,,,,,,,,,,,,,,,,,,,,,,,,,,,,,171.806161699933,None,171.806161699933,None,171.806161699933,None,171.806161699933,None,171.806161699933,None,171.806161699933,None,171.806161699933,None,171.806161699933,None,171.806161699933,None,171.806161699933,None,171.806161699933,None,171.806161699933,None,171.806161699933,None,171.806161699933,None,171.806161699933,None,171.806161699933,None,171.806161699933,None,171.806161699933,None,171.806161699933,None,171.806161699933,None,171.806161699933,None,171.806161699933,None,171.806161699933,None,171.806161699933,None,171.806161699933,None,171.806161699933,None,171.806161699933,None,171.806161699933,None,171.806161699933,None,171.806161699933,None,171.806161699933,None,171.806161699933,None,171.806161699933,None,171.806161699933,None,171.806161699933,None,171.806161699933,None,171.806161699933,None,171.806161699933,None,171.806161699933,None,171.806161699933,None,[-0.40061259  0.42054568],[-0.30030902  0.45007042],[-0.20070285  0.44043006],[-0.09970491  0.42625805],[-0.00060697  0.37506041],[0.09984529 0.45828513],[0.20004166 0.38304556],[0.30058711 0.3990662 ],[-0.40018453  0.17591495],[-0.29970258  0.20644037],[-0.20091198  0.24025315],[-0.09920706  0.19527829],[-0.00072159  0.1826839 ],[0.10071019 0.20184212],[0.20045131 0.20001275],[0.30046858 0.20607522],[-0.40076455  0.0317571 ],[-0.29907     0.01308928],[-0.20092452 -0.05332101],[-0.0993605  -0.02509288],[-0.0001856  -0.03716567],[0.09952294 0.01760247],[0.19904719 0.01067243],[ 0.30039606 -0.04980663],[-0.3995053  -0.19399617],[-0.30041789 -0.25634801],[-0.2007037  -0.21769377],[-0.09989197 -0.25464567],[ 0.00084676 -0.16365451],[ 0.09945263 -0.14366801],[ 0.19998005 -0.25021328],[ 0.30065032 -0.23288386],[-0.39966175 -0.3625544 ],[-0.29973788 -0.38996494],[-0.20086481 -0.43640575],[-0.10000991 -0.35422619],[ 0.00071968 -0.35305635],[ 0.10053774 -0.43008135],[ 0.19937806 -0.40743089],[ 0.29950102 -0.41891868],"[-0.30092592592592593, -0.39537037037037037, -0.003703703703703704, 0.11851851851851852, 0.30648148148148147, 0.009259259259259259, -0.09166666666666666, -0.1925925925925926, -0.10555555555555556, -0.016666666666666666, 0.11851851851851852, 0.2037037037037037, 0.10185185185185185, 0.27685185185185185, 0.287962962962963, 0.30462962962962964, -0.003703703703703704, -0.2037037037037037, -0.29259259259259257, -0.1925925925925926, 0.004629629629629629, 0.20925925925925926]","[0.4546296296296296, 0.4212962962962963, 0.3814814814814815, 0.46111111111111114, 0.20277777777777778, 0.17314814814814813, 0.19537037037037036, 0.24444444444444444, -0.021296296296296296, -0.03518518518518519, 0.026851851851851852, 0.013888888888888888, 0.012962962962962963, -0.040740740740740744, -0.06296296296296296, -0.22407407407407406, -0.16296296296296298, -0.2175925925925926, 0.013888888888888888, -0.43333333333333335, -0.35833333333333334, -0.4083333333333333]","[1, 1, 1, 1, 1, 1, 1, 1, 1, 1, 1, 1, 1, 1, 1, 1, 1, 1, 1, 1, 1, 1]","[0, 0, 0, 0, 0, 0, 0, 0, 0, 0, 0, 0, 0, 0, 0, 0, 0, 0, 0, 0, 0, 0]","[0, 0, 0, 0, 0, 0, 0, 0, 0, 0, 0, 0, 0, 0, 0, 0, 0, 0, 0, 0, 0, 0]","[0.9013713999884203, 1.2880065999925137, 1.705254100030288, 2.2003889000043273, 2.818333600065671, 3.462906699976884, 3.991727799992077, 4.460636500036344, 4.953533599968068, 5.376382700051181, 5.772107299999334, 6.288967399974354, 6.680230300058611, 7.107998499996029, 7.555888000060804, 8.154702199972235, 8.661472100066021, 9.169338500010781, 9.70208029996138, 10.246890399954282, 10.93336280004587, 11.416625199955888]","['polygon_trial_2', 'polygon_trial_1', 'polygon_trial_5', 'polygon_trial_6', 'polygon_trial_16', 'polygon_trial_13', 'polygon_trial_12', 'polygon_trial_11', 'polygon_trial_20', 'polygon_trial_21', 'polygon_trial_23', 'polygon_trial_22', 'polygon_trial_24', 'polygon_trial_32', 'polygon_trial_29', 'polygon_trial_27', 'polygon_trial_18', 'polygon_trial_35', 'polygon_trial_37', 'polygon_trial_39']",0.0022232598857954144,None,171.806161699933,None,space,11.935954099986702,171.806161699933,None,183.7605753999669,None,,,,001,2022_Nov_01_1421,foraging_expt_rr,2021.2.3,59.993112808048195,
,,,,,,,,,,,,,,,,,,,,,,,,,,,,,,,,,,,,,,,,,,,,,,,,,,,,,,,,,,,,,,,,,,,,,,,,,,,,,,,,,,,,,,,,,,,,,,,,,,,,,,,,,,,,,,,,,,,,,,,,,,,,,,,,,,,,,,,,,,,,,,,,,,,,,,,,,,,,,,,,,,,,,,,,,,,,,,,,,,,,,,,,,,,,,,,,,,,,,,,,,,,,,,,,,,,,,,,,,,,,,,,,,,,,,,,,,,,,,,,,,,,,,,,,,,,,,,,,,,,,,,,,,,,,,,,,,,,,,,,,,,,,,,,,,,,,,,,,,,,,,,,,,,,,,,,,,,,,,,,,,,,,,,,,,,,,,,,,,,,,,,,,,,,,,,,,,,,,,,,,,,,,,,,,,,,,,,,,,,,,,,,,,,,,,,184.76036439999007,None,,,,,,,
