person,trial,id,found,difficulty,common,x,y,class
3,1,3,1,easy,A,-0.19118544,0.03732093,A
3,1,20,2,easy,A,-0.0103787,-0.02493495,B
3,1,4,3,easy,A,-0.09558094,0.24735057,A
3,1,15,4,easy,A,-0.01354215,0.16703315,A
3,1,2,5,easy,A,0.21553608,0.21571498,A
3,1,10,6,easy,A,0.29150398,0.18411106,A
3,1,7,7,easy,A,0.31221217,0.44880481,A
3,1,18,8,easy,A,-0.41431691,0.20829019,B
3,1,8,9,easy,A,-0.28015224,0.20199114,A
3,1,1,10,easy,A,-0.38777858,-0.01452248,A
3,1,14,11,easy,A,-0.28398432,-0.24095844,A
3,1,13,12,easy,A,-0.21478922,-0.15800258,A
3,1,16,13,easy,A,0.10253009,-0.1825677,B
3,1,9,14,easy,A,0.18763594,-0.22990399,A
3,1,11,15,easy,A,0.1126188,-0.35950778,A
3,1,5,16,easy,A,-0.10180866,-0.35134807,A
3,1,19,17,easy,A,0.01987139,-0.42002055,B
3,1,6,18,easy,A,-0.19553875,-0.40161143,A
3,1,17,19,easy,A,-0.30507538,-0.43558998,B
3,1,12,20,easy,A,-0.38256853,-0.24757105,A
3,2,3,1,easy,A,0.1946336,0.24756279,A
3,2,13,2,easy,A,0.09518498,0.16932771,A
3,2,15,3,easy,A,-0.00470596,0.22022172,A
3,2,14,4,easy,A,-0.18634311,0.19406304,A
3,2,2,5,easy,A,-0.10200721,0.20546641,A
3,2,16,6,easy,A,0.0100128,0.38114773,B
3,2,18,7,easy,A,0.28031012,0.38943396,B
3,2,8,8,easy,A,-0.40560645,0.37970272,A
3,2,11,9,easy,A,-0.41954233,0.17813071,A
3,2,17,10,easy,A,-0.28169814,0.04164787,B
3,2,9,11,easy,A,-0.18472578,0.03593725,A
3,2,12,12,easy,A,-0.1036459,-0.03340652,A
3,2,1,13,easy,A,-0.01659739,-0.16042777,A
3,2,20,14,easy,A,0.11332022,-0.22237229,B
3,2,6,15,easy,A,0.19005337,-0.03534593,A
3,2,5,16,easy,A,0.28902209,-0.4243247,A
3,2,7,17,easy,A,-0.09274588,-0.41262637,A
3,2,10,18,easy,A,-0.01911009,-0.41986698,A
3,2,19,19,easy,A,-0.3026173,-0.3889343,B
3,2,4,20,easy,A,-0.4017019,-0.20918063,A
3,3,19,1,easy,A,0.00184044,0.03753652,B
3,3,4,2,easy,A,5.2739e-4,0.17741767,A
3,3,10,3,easy,A,0.18269518,0.23444406,A
3,3,7,4,easy,A,0.2019867,0.36406818,A
3,3,9,5,easy,A,-0.08830633,0.40561337,A
3,3,8,6,easy,A,-0.18306924,0.40903263,A
3,3,17,7,easy,A,-0.19316382000000001,0.24783812,B
3,3,20,8,easy,A,-0.38723536,0.22627055,B
3,3,15,9,easy,A,-0.40390646,0.41471984,A
3,3,2,10,easy,A,-0.39326709,-0.03639473,A
3,3,6,11,easy,A,-0.30152553,-0.22848896,A
3,3,5,12,easy,A,-0.19279348,-0.35822626,A
3,3,14,13,easy,A,-0.30416166,-0.42586704,A
3,3,11,14,easy,A,-0.08956976,-0.44968983,A
3,3,13,15,easy,A,1.79872768e-4,-0.22506477,A
3,3,18,16,easy,A,0.10464018,-0.36162267,B
3,3,16,17,easy,A,0.19719152,-0.19022515,B
3,3,1,18,easy,A,0.30765071,-0.1790225,A
3,3,12,19,easy,A,0.3091444,-0.03319384,A
3,3,3,20,easy,A,0.21129218,-0.04450133,A
3,4,9,1,easy,A,-0.01268105,-0.04574039,A
3,4,19,2,easy,A,-0.08540426,0.04450403,B
3,4,2,3,easy,A,-0.01043919,0.15357998,A
3,4,16,4,easy,A,0.11494359,0.17955400999999999,B
3,4,12,5,easy,A,0.19727827,0.18186818,A
3,4,6,6,easy,A,0.11458931,0.36281539,A
3,4,7,7,easy,A,-0.01199591,0.42078501,A
3,4,17,8,easy,A,0.3051103,0.37899095,B
3,4,8,9,easy,A,-0.41738404,0.35563353,A
3,4,1,10,easy,A,-0.31549926,0.15739497,A
3,4,10,11,easy,A,-0.40555109,-0.02054144,A
3,4,3,12,easy,A,-0.40043195,-0.18685358,A
3,4,5,13,easy,A,-0.20924248,-0.16791645,A
3,4,20,14,easy,A,-0.08727263,-0.17350061,B
3,4,11,15,easy,A,0.09892429,-0.22323734,A
3,4,13,16,easy,A,0.01173942,-0.19314631,A
3,4,18,17,easy,A,0.18992833,-0.04482024,B
3,4,4,18,easy,A,0.10056146,-0.35267295,A
3,4,15,19,easy,A,0.00734241,-0.42532752,A
3,4,14,20,easy,A,-0.28595553,-0.3778782,A
3,5,12,1,easy,A,0.00614792,-0.01944993,A
3,5,10,2,easy,A,-0.19123939,0.03623843,A
3,5,13,3,easy,A,-0.00718553,0.17649943,A
3,5,17,4,easy,A,0.19031341,0.16493233,B
3,5,16,5,easy,A,0.10366986,0.42484779,B
3,5,2,6,easy,A,0.00574635,0.44606329,A
3,5,11,7,easy,A,0.31296807,0.41698544,A
3,5,19,8,easy,A,-0.09563546,0.40898673,B
3,5,1,9,easy,A,-0.1832019,0.40378426,A
3,5,5,10,easy,A,-0.31917907,0.44301764,A
3,5,18,11,easy,A,-0.40793798,0.1627649,B
3,5,14,12,easy,A,-0.21749793,-0.24208274,A
3,5,9,13,easy,A,-0.11197551,-0.22201932,A
3,5,15,14,easy,A,-0.11321462,-0.40411805,A
3,5,6,15,easy,A,-0.2978181,-0.43442448,A
3,5,20,16,easy,A,-0.39539461,-0.38987734,B
3,5,7,17,easy,A,0.09043769,-0.16527286,A
3,5,3,18,easy,A,0.20042537,-0.24846081,A
3,5,4,19,easy,A,0.31186752,-0.43174642,A
3,5,8,20,easy,A,0.31236886,0.00422285,A
3,1,13,1,easy,AB,0.00236342,0.2010294,B
3,1,2,2,easy,AB,-0.01077389,0.36733412,A
3,1,19,3,easy,AB,-0.11680241,0.38026291,B
3,1,1,4,easy,AB,-0.19205313,0.4405082,A
3,1,5,5,easy,AB,-0.30398202,0.43327962,A
3,1,18,6,easy,AB,-0.3822488,0.2392248,B
3,1,16,7,easy,AB,0.1126558,0.38748271,B
3,1,11,8,easy,AB,0.30157412,0.40768325,B
3,1,17,9,easy,AB,0.20103667,0.18680393,B
3,1,12,10,easy,AB,0.00119919,0.0269574,B
3,1,10,11,easy,AB,-0.18363579,0.047613,A
3,1,9,12,easy,AB,-0.11512205,-0.17348884,A
3,1,14,13,easy,AB,-0.21949661,-0.22695042,B
3,1,7,14,easy,AB,0.09816836,-0.20944396,A
3,1,3,15,easy,AB,0.18820525,-0.1606492,A
3,1,8,16,easy,AB,0.29813369,-0.03571841,A
3,1,4,17,easy,AB,0.28938671,-0.41468823,A
3,1,15,18,easy,AB,-0.11396895,-0.44040089,B
3,1,6,19,easy,AB,-0.29706074,-0.4461778,A
3,1,20,20,easy,AB,-0.38123078,-0.43485409,B
3,2,12,1,easy,AB,-0.10062921,0.17226908,B
3,2,20,2,easy,AB,-0.28398189,0.16750093,B
3,2,1,3,easy,AB,-0.38847297,0.03643944,A
3,2,2,4,easy,AB,-0.31852749,-0.16980464,A
3,2,7,5,easy,AB,-0.40713646,-0.21867063,A
3,2,4,6,easy,AB,-0.1812833,-0.43954277,A
3,2,5,7,easy,AB,-0.10714459,-0.44678819,A
3,2,18,8,easy,AB,-0.08156312,-0.21605147,B
3,2,11,9,easy,AB,0.20645695,-0.16639359,B
3,2,13,10,easy,AB,0.28817873,-0.15743157,B
3,2,3,11,easy,AB,0.11138991,-0.38916829,A
3,2,6,12,easy,AB,0.3097573,0.021251,A
3,2,8,13,easy,AB,0.09711392,0.03095837,A
3,2,14,14,easy,AB,0.10901280000000001,0.15033864,B
3,2,17,15,easy,AB,0.19579686,0.19209127,B
3,2,19,16,easy,AB,0.20684041,0.38792709,B
3,2,9,17,easy,AB,0.08028483,0.36058194,A
3,2,10,18,easy,AB,0.0033215,0.40178712,A
3,2,15,19,easy,AB,-0.08240569,0.42841385,B
3,2,16,20,easy,AB,0.30321208,0.40563256,B
3,3,3,1,easy,AB,-0.00332355,0.22657315,A
3,3,11,2,easy,AB,0.01258199,0.3929486,B
3,3,1,3,easy,AB,0.0904996,0.3607476,A
3,3,16,4,easy,AB,0.31897078,0.35971614,B
3,3,6,5,easy,AB,-0.21737895,0.43410299,A
3,3,8,6,easy,AB,-0.40981717,0.35644524,A
3,3,17,7,easy,AB,-0.31004644,0.21842065,B
3,3,4,8,easy,AB,-0.40700385,0.16391476,A
3,3,9,9,easy,AB,-0.40593615,0.04202631,A
3,3,14,10,easy,AB,-0.19668016,-0.19770949,B
3,3,2,11,easy,AB,-0.3048165,-0.17517012,A
3,3,19,12,easy,AB,0.00162942,-0.17921872,B
3,3,7,13,easy,AB,0.10227981,-0.22249341,A
3,3,13,14,easy,AB,0.19821261,-0.17119632,B
3,3,12,15,easy,AB,0.30722582,-0.16912182,B
3,3,5,16,easy,AB,0.3164539,-0.38569406,A
3,3,10,17,easy,AB,-0.01097173,-0.41631898,A
3,3,15,18,easy,AB,-0.09679157,-0.38064916,B
3,3,18,19,easy,AB,-0.18899498,-0.41628734,B
3,3,20,20,easy,AB,-0.39801394,-0.43320443,B
3,4,7,1,easy,AB,-0.11878972,0.18095657,A
3,4,4,2,easy,AB,-0.00221327,0.24980316,A
3,4,1,3,easy,AB,0.09246673,0.21477556,A
3,4,13,4,easy,AB,0.21424152,0.24492105,B
3,4,6,5,easy,AB,0.29329683,0.357334,A
3,4,17,6,easy,AB,0.19761139,0.42215421,B
3,4,10,7,easy,AB,-0.21373385,0.37188398,A
3,4,9,8,easy,AB,-0.30866781,0.18214848,A
3,4,11,9,easy,AB,-0.41298281,0.15958706,B
3,4,19,10,easy,AB,-0.31974956,0.02477698,B
3,4,8,11,easy,AB,-0.11890676,0.02070197,A
3,4,15,12,easy,AB,-0.18480998,-0.20647287,B
3,4,20,13,easy,AB,0.01245423,-0.2081608,B
3,4,16,14,easy,AB,0.31763539,-0.2098364,B
3,4,12,15,easy,AB,0.30639813,-0.02485824,B
3,4,3,16,easy,AB,0.21847059,-0.40048398,A
3,4,18,17,easy,AB,0.1146315,-0.43253734,B
3,4,2,18,easy,AB,-0.01227141,-0.41810564,A
3,4,14,19,easy,AB,-0.08182051,-0.44714793,B
3,4,5,20,easy,AB,-0.40945568,-0.37939237,A
3,5,3,1,easy,AB,-0.01198505,0.18503343,A
3,5,17,2,easy,AB,-0.10295423,0.19516388,B
3,5,18,3,easy,AB,-0.31627895,0.22477252,B
3,5,15,4,easy,AB,-0.30784628000000003,0.35701854,B
3,5,1,5,easy,AB,-0.21686294,0.44913824,A
3,5,4,6,easy,AB,-0.39938688,0.22421837,A
3,5,20,7,easy,AB,0.28514689,0.43966342,B
3,5,11,8,easy,AB,0.29092907,-0.01665394,B
3,5,9,9,easy,AB,0.08875916,-0.04083749,A
3,5,12,10,easy,AB,0.18210985,-0.15031153,B
3,5,8,11,easy,AB,0.08911232,-0.23360503,A
3,5,19,12,easy,AB,5.59e-4,-0.38411889,B
3,5,10,13,easy,AB,-0.0959202,-0.22859854,A
3,5,16,14,easy,AB,-0.19965778,-0.37204413,B
3,5,7,15,easy,AB,-0.11352052,-0.43958642,A
3,5,6,16,easy,AB,-0.31588779,-0.35111891,A
3,5,2,17,easy,AB,-0.39294192,-0.42696945,A
3,5,13,18,easy,AB,-0.41224966,-0.20312574,B
3,5,14,19,easy,AB,-0.31318697,-0.17332612,B
3,5,5,20,easy,AB,0.31244726,-0.43853391,A
3,1,5,1,easy,B,-0.1192856,0.03346121,A
3,1,17,2,easy,B,-0.18654265,-0.01104339,B
3,1,11,3,easy,B,-0.00845603,0.183093,B
3,1,16,4,easy,B,0.20369892,0.1608174,B
3,1,3,5,easy,B,0.20946815,0.04126082,A
3,1,4,6,easy,B,0.31147681,-0.01549232,A
3,1,15,7,easy,B,0.30985154,-0.2270868,B
3,1,18,8,easy,B,0.11911577,-0.18818902,B
3,1,6,9,easy,B,0.19538343,-0.37869507,B
3,1,8,10,easy,B,0.28632963,-0.39363466,B
3,1,1,11,easy,B,-0.09365232,-0.1888971,A
3,1,20,12,easy,B,-0.21380722,-0.42490937,B
3,1,13,13,easy,B,-0.39045519,-0.38528348,B
3,1,2,14,easy,B,-0.41135027,0.21126724,A
3,1,10,15,easy,B,-0.39957395,-0.00183559,B
3,1,9,16,easy,B,-0.30809381,0.39453838,B
3,1,7,17,easy,B,0.00742563,0.4241558,B
3,1,19,18,easy,B,0.08820125,0.41929105,B
3,1,12,19,easy,B,0.18405924,0.35187674,B
3,1,14,20,easy,B,0.30272842,0.41672945,B
3,2,8,1,easy,B,-0.1033844,0.03118875,B
3,2,7,2,easy,B,-0.09180201,0.19099598,B
3,2,4,3,easy,B,-0.01848614,0.2365563,A
3,2,1,4,easy,B,0.09595955,0.23720384,A
3,2,13,5,easy,B,0.21542187,0.16638377,B
3,2,6,6,easy,B,0.31735633,0.38625491,B
3,2,17,7,easy,B,0.18682672,0.43847941,B
3,2,10,8,easy,B,-0.20120609,0.44571,B
3,2,9,9,easy,B,-0.30641363,0.23965963,B
3,2,11,10,easy,B,-0.41300293,0.17191592,B
3,2,19,11,easy,B,-0.31690513,0.01509668,B
3,2,5,12,easy,B,-0.40055659,-0.36211081,A
3,2,15,13,easy,B,-0.19460579,-0.20901557,B
3,2,20,14,easy,B,-0.00702123,-0.23694324,B
3,2,14,15,easy,B,-0.08876344,-0.36152509,B
3,2,2,16,easy,B,0.01264612,-0.41626963,A
3,2,18,17,easy,B,0.11277283,-0.41803069,B
3,2,3,18,easy,B,0.21736965,-0.43095489,A
3,2,16,19,easy,B,0.2998177,-0.17773831,B
3,2,12,20,easy,B,0.31412482,-0.00441262,B
3,3,16,1,easy,B,-0.11972534,-0.00673213,B
3,3,17,2,easy,B,-0.19029636,0.00987777,B
3,3,12,3,easy,B,-0.28239173,0.20533142,B
3,3,5,4,easy,B,-0.40687962,0.35798001,A
3,3,13,5,easy,B,0.00597215,0.21556717,B
3,3,1,6,easy,B,0.09804673,0.19633452,A
3,3,18,7,easy,B,0.20333722,0.18296486,B
3,3,3,8,easy,B,0.28128685,0.37214252,A
3,3,4,9,easy,B,0.21927011,0.43682744,A
3,3,20,10,easy,B,0.30619547,0.04945163,B
3,3,2,11,easy,B,0.21659241,-0.03902207,A
3,3,7,12,easy,B,0.2040076,-0.15033003,B
3,3,6,13,easy,B,0.29297607,-0.2130459,B
3,3,10,14,easy,B,0.30247275,-0.37667888,B
3,3,14,15,easy,B,0.10495756,-0.38221859,B
3,3,15,16,easy,B,-0.01691954,-0.35490429,B
3,3,8,17,easy,B,0.00354797,-0.22210888,B
3,3,11,18,easy,B,-0.21762988,-0.2015204,B
3,3,19,19,easy,B,-0.31569216,-0.23710396,B
3,3,9,20,easy,B,-0.40102713,-0.36095997,B
3,4,17,1,easy,B,-0.20077733,0.17532647,B
3,4,20,2,easy,B,-0.3946715,0.19530476,B
3,4,15,3,easy,B,-0.39216708,0.36501854,B
3,4,8,4,easy,B,-0.20954637,0.4039275,B
3,4,9,5,easy,B,-0.08755852,0.36081285,B
3,4,7,6,easy,B,0.20419456,0.41415133,B
3,4,4,7,easy,B,0.01260409,0.18332684,A
3,4,10,8,easy,B,0.20635349,0.15880009,B
3,4,12,9,easy,B,0.2856639,0.04499021,B
3,4,3,10,easy,B,0.19203841,0.0046255,A
3,4,1,11,easy,B,0.31422744,-0.21531246,A
3,4,16,12,easy,B,0.20406214,-0.15639171,B
3,4,13,13,easy,B,-0.01430124,-0.18595755,B
3,4,19,14,easy,B,-0.00319234,-0.03570843,B
3,4,2,15,easy,B,-0.39217105,0.04956566,A
3,4,6,16,easy,B,-0.29322051,-0.15224304,B
3,4,14,17,easy,B,-0.28619301,-0.44817143,B
3,4,5,18,easy,B,-0.21313735,-0.41695752,A
3,4,11,19,easy,B,-0.10017412,-0.41808303,B
3,4,18,20,easy,B,0.10323231,-0.36087644,B
3,5,13,1,easy,B,-0.21031585,-0.01081765,B
3,5,8,2,easy,B,-0.3056053,0.02144919,B
3,5,19,3,easy,B,-0.38792373,0.01083686,B
3,5,12,4,easy,B,-0.3933935,-0.18517969,B
3,5,7,5,easy,B,-0.30156098,-0.22943486,B
3,5,14,6,easy,B,-0.20557445,-0.18329963,B
3,5,17,7,easy,B,-0.21746937,-0.38351747,B
3,5,20,8,easy,B,-0.41698251,-0.41149738,B
3,5,10,9,easy,B,0.11809963,-0.1722162,B
3,5,18,10,easy,B,0.20961123,-0.15200251,B
3,5,16,11,easy,B,0.29866425,-0.2426158,B
3,5,3,12,easy,B,-0.01529792,-0.44842558,A
3,5,5,13,easy,B,0.09573708,-0.0053512,A
3,5,6,14,easy,B,-0.01667452,0.17212163,B
3,5,9,15,easy,B,-0.08597946,0.21809651,B
3,5,1,16,easy,B,-0.20976697,0.2077296,A
3,5,15,17,easy,B,-0.30231568,0.19400757,B
3,5,4,18,easy,B,-0.39044646,0.16807872,A
3,5,11,19,easy,B,0.01003176,0.42493556,B
3,5,2,20,easy,B,0.20655857,0.42886018,A
3,1,4,1,hard,A,-0.01939328,0.17248924,A
3,1,17,2,hard,A,-0.20805604,0.2432124,B
3,1,8,3,hard,A,-0.21400238,0.38089699,A
3,1,9,4,hard,A,-0.08856901,0.42275453,A
3,1,15,5,hard,A,-0.40270833,0.44808076,A
3,1,7,6,hard,A,0.18190337,0.3789963,A
3,1,10,7,hard,A,0.21110878,0.21267312,A
3,1,12,8,hard,A,0.28431592,-0.01295717,A
3,1,3,9,hard,A,0.21255609,0.01276088,A
3,1,1,10,hard,A,0.28047159,-0.16228908,A
3,1,16,11,hard,A,0.20910992,-0.16187984,B
3,1,19,12,hard,A,0.00722731,0.02438212,B
3,1,13,13,hard,A,0.00791006,-0.21297094,A
3,1,18,14,hard,A,0.11067029,-0.42639415,B
3,1,11,15,hard,A,-0.11897366,-0.44856168,A
3,1,5,16,hard,A,-0.19652405,-0.3742886,A
3,1,14,17,hard,A,-0.31369721,-0.38750014,A
3,1,6,18,hard,A,-0.31268012,-0.21119812,A
3,1,2,19,hard,A,-0.3843474,0.00239348,A
3,1,20,20,hard,A,-0.39049259,0.20979712,B
3,2,8,1,hard,A,0.08189666,0.00853412,A
3,2,17,2,hard,A,0.20919068,0.16796267,B
3,2,6,3,hard,A,0.29880287,-0.01609197,A
3,2,13,4,hard,A,0.2973188,-0.16403466,A
3,2,11,5,hard,A,0.2134608,-0.22436215,A
3,2,3,6,hard,A,0.11701616,-0.40544227,A
3,2,5,7,hard,A,-0.09085875,-0.35626993,A
3,2,4,8,hard,A,-0.18461599,-0.36856414,A
3,2,18,9,hard,A,-0.10723196,-0.18321213,B
3,2,2,10,hard,A,-0.30713934,-0.16581529,A
3,2,7,11,hard,A,-0.38471006,-0.16515279,A
3,2,1,12,hard,A,-0.40316864,0.03629727,A
3,2,12,13,hard,A,-0.10554618,0.20847573,A
3,2,14,14,hard,A,0.08355393,0.24383911,A
3,2,9,15,hard,A,0.11268907,0.35830544,A
3,2,10,16,hard,A,0.00991965,0.40773286,A
3,2,15,17,hard,A,-0.11468024,0.39957164,A
3,2,20,18,hard,A,-0.31288929,0.24838437,B
3,2,19,19,hard,A,0.20098855,0.40052895,B
3,2,16,20,hard,A,0.29509558,0.3840579,B
3,3,13,1,hard,A,-0.01370304,-0.01331555,A
3,3,9,2,hard,A,0.08941743,0.01394863,A
3,3,5,3,hard,A,0.21888944,0.17923139,A
3,3,4,4,hard,A,0.30818099,0.01266071,A
3,3,8,5,hard,A,-0.20125315,0.18935473,A
3,3,10,6,hard,A,-0.29233897,0.24261207,A
3,3,3,7,hard,A,0.0167911,0.42133723,A
3,3,1,8,hard,A,0.10916256,0.43582463,A
3,3,12,9,hard,A,0.31260914,0.41901465,A
3,3,15,10,hard,A,0.20310071,-0.15645332,A
3,3,11,11,hard,A,0.20528534,-0.38739029,A
3,3,18,12,hard,A,0.00611193,-0.40669475,B
3,3,2,13,hard,A,-0.08125771,-0.38257092,A
3,3,6,14,hard,A,-0.21258646,-0.43975114,A
3,3,20,15,hard,A,-0.28815751,-0.36796159,B
3,3,19,16,hard,A,-0.18229147,-0.24747691,B
3,3,7,17,hard,A,-0.09805759,-0.19189464,A
3,3,14,18,hard,A,-0.28508088,-0.15700327,A
3,3,17,19,hard,A,-0.18982486,-0.01500538,B
3,3,16,20,hard,A,-0.40738923,0.02077882,B
3,4,13,1,hard,A,-0.1017157,0.0293701,A
3,4,4,2,hard,A,-0.08532317,-0.1851199,A
3,4,15,3,hard,A,0.29903439,-0.19020377,A
3,4,3,4,hard,A,0.28468246,0.22527305,A
3,4,10,5,hard,A,0.10006615,0.19866079,A
3,4,16,6,hard,A,0.31774685,0.37399855,B
3,4,1,7,hard,A,0.21182082,0.4343093,A
3,4,11,8,hard,A,0.08789349,0.39217186,A
3,4,5,9,hard,A,-0.11168623,0.39844243,A
3,4,14,10,hard,A,-0.29779055,0.38234149,A
3,4,2,11,hard,A,-0.38691548,0.38664412,A
3,4,6,12,hard,A,-0.38645107,0.22166836,A
3,4,18,13,hard,A,-0.09037758,0.16900726,B
3,4,19,14,hard,A,0.01236084,0.03254235,B
3,4,7,15,hard,A,-0.29506398,-0.15552174,A
3,4,17,16,hard,A,-0.41306844,-0.4492892,B
3,4,9,17,hard,A,-0.11844169,-0.41796755,A
3,4,12,18,hard,A,0.00746453,-0.4165666,A
3,4,20,19,hard,A,0.10899648,-0.2265452,B
3,4,8,20,hard,A,0.29730115,-0.44403607,A
3,5,2,1,hard,A,-0.09357318,0.01269138,A
3,5,14,2,hard,A,-0.19031007,0.03012702,A
3,5,6,3,hard,A,-0.38475176,-0.04220658,A
3,5,9,4,hard,A,-0.40012933,-0.18845961,A
3,5,3,5,hard,A,-0.29190651,-0.20950927,A
3,5,5,6,hard,A,-0.19885759,-0.21843141,A
3,5,7,7,hard,A,-0.01507159,-0.22049519,A
3,5,18,8,hard,A,-0.09780872,-0.22476679,B
3,5,11,9,hard,A,-0.41656845,-0.35826373,A
3,5,4,10,hard,A,0.30703866,-0.21743472,A
3,5,8,11,hard,A,0.29551581,-0.40092285,A
3,5,20,12,hard,A,0.2894501,0.02261176,B
3,5,16,13,hard,A,0.18890919,0.01063708,B
3,5,15,14,hard,A,0.31296274,0.23330645,A
3,5,13,15,hard,A,-0.11906689,0.22584482,A
3,5,12,16,hard,A,-0.20200453,0.24003261,A
3,5,10,17,hard,A,-0.1066957,0.36418356,A
3,5,19,18,hard,A,-0.41447085,0.38325718,B
3,5,17,19,hard,A,-0.38426247,0.15900525,B
3,5,1,20,hard,A,0.21772351,0.40154862,A
3,1,9,1,hard,AB,-0.0069987,0.03633754,A
3,1,2,2,hard,AB,-0.00376399,0.20695348,A
3,1,16,3,hard,AB,0.09056874,0.19804522,B
3,1,12,4,hard,AB,0.18643477,0.24967766,B
3,1,17,5,hard,AB,0.29272291,0.35118663,B
3,1,6,6,hard,AB,0.1036043,0.43246542,A
3,1,7,7,hard,AB,0.00469711,0.44481746,A
3,1,8,8,hard,AB,-0.395877,0.41394531,A
3,1,1,9,hard,AB,-0.31702142,0.2023265,A
3,1,10,10,hard,AB,-0.4026403,0.02946582,A
3,1,19,11,hard,AB,-0.10020652,0.03639551,B
3,1,20,12,hard,AB,-0.09885455,-0.15684137,B
3,1,13,13,hard,AB,-0.01477672,-0.20707251,B
3,1,11,14,hard,AB,0.10154848,-0.23356734,B
3,1,18,15,hard,AB,0.19077616,-0.02670738,B
3,1,15,16,hard,AB,-0.00780417,-0.37740065,B
3,1,4,17,hard,AB,0.10076217,-0.43290995,A
3,1,5,18,hard,AB,-0.18029626,-0.21951801,A
3,1,3,19,hard,AB,-0.39597568,-0.22916405,A
3,1,14,20,hard,AB,-0.31698597,-0.37906386,B
3,2,7,1,hard,AB,-0.41807759,0.15003146,A
3,2,19,2,hard,AB,-0.18347731,0.36793757,B
3,2,9,3,hard,AB,0.00130718,0.43513946,A
3,2,15,4,hard,AB,0.10460171,0.38170151,B
3,2,12,5,hard,AB,0.09814385,0.2483664,B
3,2,8,6,hard,AB,0.28128715,0.17962688,A
3,2,1,7,hard,AB,0.30418974,0.40045349,A
3,2,4,8,hard,AB,0.18185985,0.42352286,A
3,2,3,9,hard,AB,0.19220796,-0.04195684,A
3,2,20,10,hard,AB,-0.01912824,-0.0143405,B
3,2,17,11,hard,AB,-0.11377361,0.001146,B
3,2,6,12,hard,AB,-0.10054849,-0.18060278,A
3,2,5,13,hard,AB,-0.30755181,-0.17357882,A
3,2,16,14,hard,AB,-0.3063151,-0.04956604,B
3,2,13,15,hard,AB,-0.41242259,-0.0473646,B
3,2,14,16,hard,AB,-0.31240095,-0.44574332,B
3,2,2,17,hard,AB,-0.40622381,-0.42230215,A
3,2,18,18,hard,AB,0.28047865,-0.23734492,B
3,2,10,19,hard,AB,0.28440806,-0.43075204,A
3,2,11,20,hard,AB,-0.39742198,0.43446973,B
3,3,2,1,hard,AB,-0.08233303,0.0367689,A
3,3,13,2,hard,AB,-0.11341657,0.22022294,B
3,3,12,3,hard,AB,-0.21698638,0.24736394,B
3,3,14,4,hard,AB,-0.21981876,0.01529445,B
3,3,17,5,hard,AB,-0.41373471,0.18369597,B
3,3,19,6,hard,AB,-0.39807841,0.4345819,B
3,3,10,7,hard,AB,-0.11226322,0.43343259,A
3,3,1,8,hard,AB,0.21179064,0.44250104,A
3,3,15,9,hard,AB,0.30390299,0.18562854,B
3,3,20,10,hard,AB,0.30742987,-0.03183366,B
3,3,16,11,hard,AB,0.18701235,-0.04542144,B
3,3,4,12,hard,AB,0.30166342,-0.22160552,A
3,3,8,13,hard,AB,0.30618011,-0.39370537,A
3,3,7,14,hard,AB,0.00221652,-0.19827789,A
3,3,18,15,hard,AB,-0.09012535,-0.15877698,B
3,3,5,16,hard,AB,-0.1952033,-0.2467016,A
3,3,3,17,hard,AB,-0.31319673,-0.17025697,A
3,3,9,18,hard,AB,-0.39489786,-0.23938862,A
3,3,6,19,hard,AB,-0.41725748,-0.03526016,A
3,3,11,20,hard,AB,-0.4016879,-0.35685505,B
3,4,6,1,hard,AB,0.20710162,-0.00660054,A
3,4,19,2,hard,AB,0.29333229,0.02487941,B
3,4,11,3,hard,AB,0.09971318,0.03930244,B
3,4,13,4,hard,AB,0.28514225,0.41281344,B
3,4,1,5,hard,AB,-0.31030197,0.4357882,A
3,4,5,6,hard,AB,-0.21931157,0.23177989,A
3,4,7,7,hard,AB,-0.38391459,0.17987797,A
3,4,16,8,hard,AB,-0.28665982,0.03687271,B
3,4,20,9,hard,AB,-0.41509929,0.36333083,B
3,4,3,10,hard,AB,-0.3146193,-0.23181319,A
3,4,18,11,hard,AB,-0.21218952,-0.21515473,B
3,4,4,12,hard,AB,-0.08829762,-0.21529176,A
3,4,8,13,hard,AB,-0.30571293,-0.39351006,A
3,4,15,14,hard,AB,-0.40454981,-0.40548056,B
3,4,2,15,hard,AB,-0.11075205,-0.40314683,A
3,4,10,16,hard,AB,0.01313159,-0.41654504999999997,A
3,4,14,17,hard,AB,0.11604174,-0.44916555,B
3,4,17,18,hard,AB,0.19492407,-0.40304169,B
3,4,12,19,hard,AB,0.28636238,-0.37196741,B
3,4,9,20,hard,AB,0.19548486,-0.22898459,A
3,5,3,1,hard,AB,0.01524391,0.01378039,A
3,5,4,2,hard,AB,0.10498861,0.01984935,A
3,5,10,3,hard,AB,0.30038509,0.16083922,A
3,5,13,4,hard,AB,0.19647318,0.18347199,B
3,5,19,5,hard,AB,0.30920133,-0.02302119,B
3,5,14,6,hard,AB,0.19444979,-0.24089111,B
3,5,1,7,hard,AB,-0.11358721,-0.3975299,A
3,5,18,8,hard,AB,-0.28202408,-0.42724174,B
3,5,17,9,hard,AB,-0.38988157,-0.44601072,B
3,5,9,10,hard,AB,-0.31126581,-0.2019877,A
3,5,2,11,hard,AB,-0.20464549,-0.18355728,A
3,5,11,12,hard,AB,-0.083152,-0.20291753,B
3,5,5,13,hard,AB,-0.01850927,-0.19887887,A
3,5,20,14,hard,AB,-0.30640531,0.17155168,B
3,5,8,15,hard,AB,-0.2846014,0.03486661,A
3,5,6,16,hard,AB,-0.30109038,0.37398317,A
3,5,16,17,hard,AB,-0.20166602,0.44883592,B
3,5,7,18,hard,AB,-0.08787902,0.40899633,A
3,5,12,19,hard,AB,0.08108751,0.41741509,B
3,5,15,20,hard,AB,0.20641115,0.36289054,B
3,1,5,1,hard,B,0.1965119,0.16493453,A
3,1,1,2,hard,B,0.10704088,0.39678922,A
3,1,3,3,hard,B,0.01706532,0.43216157,A
3,1,12,4,hard,B,0.2809659,0.36251851,B
3,1,8,5,hard,B,-0.21956955,0.20334895,B
3,1,10,6,hard,B,-0.29261824,0.22784438,B
3,1,2,7,hard,B,-0.09729131,-0.40508956,A
3,1,6,8,hard,B,-0.1943084,-0.39681599,B
3,1,20,9,hard,B,-0.30779751,-0.39442729,B
3,1,14,10,hard,B,-0.28539894,-0.18621257,B
3,1,19,11,hard,B,-0.19538751,-0.1825626,B
3,1,7,12,hard,B,-0.08537384,-0.19354344,B
3,1,17,13,hard,B,-0.19143324,-0.0228301,B
3,1,16,14,hard,B,-0.39517702,-0.04139873,B
3,1,13,15,hard,B,0.0160979,0.00747858,B
3,1,9,16,hard,B,0.09397805,0.04221945,B
3,1,4,17,hard,B,0.29127978,0.04916529,A
3,1,15,18,hard,B,0.19522558,-0.19657905,B
3,1,11,19,hard,B,0.18430979,-0.3863498,B
3,1,18,20,hard,B,-0.00747671,-0.35970601,B
3,2,5,1,hard,B,0.00690146,-0.0191996,A
3,2,2,2,hard,B,-0.0850079,-0.18054539,A
3,2,1,3,hard,B,-0.20364796,-0.16882411,A
3,2,3,4,hard,B,-0.38205745,0.03494775,A
3,2,6,5,hard,B,-0.30937362,0.20733326,B
3,2,12,6,hard,B,-0.21855069,0.23836446,B
3,2,9,7,hard,B,-0.30968051,0.44812734,B
3,2,11,8,hard,B,-0.39777912,0.37960433,B
3,2,20,9,hard,B,-0.0881358,0.44542481,B
3,2,4,10,hard,B,-0.01711087,0.41272554,A
3,2,10,11,hard,B,0.19736323,0.40361127,B
3,2,15,12,hard,B,0.10960825,0.19399033,B
3,2,8,13,hard,B,0.20594673,0.20093588,B
3,2,17,14,hard,B,0.30470653,-0.18441629,B
3,2,16,15,hard,B,0.20654615,-0.22229548,B
3,2,7,16,hard,B,0.20530923,-0.36496526,B
3,2,19,17,hard,B,0.11834919,-0.43502604,B
3,2,18,18,hard,B,-0.00895645,-0.44121649,B
3,2,14,19,hard,B,-0.29202508,-0.24895778,B
3,2,13,20,hard,B,-0.38080774,-0.35264318,B
3,3,19,1,hard,B,-0.01633846,-0.16796087,B
3,3,8,2,hard,B,-0.09835254,-0.19612395,B
3,3,16,3,hard,B,0.10266973,-0.16630393,B
3,3,12,4,hard,B,0.21268512,-0.22179524,B
3,3,5,5,hard,B,0.10970038,-0.43469143,A
3,3,18,6,hard,B,-0.28070972,-0.44453502,B
3,3,15,7,hard,B,-0.39658054,-0.35524241,B
3,3,9,8,hard,B,-0.38814515,-0.16474838,B
3,3,14,9,hard,B,-0.39021589,-0.01249488,B
3,3,17,10,hard,B,-0.40306843,0.16775848,B
3,3,4,11,hard,B,-0.30272188,0.37592675,A
3,3,2,12,hard,B,-0.00186487,0.36735682,A
3,3,3,13,hard,B,-0.08097749,0.41208735,A
3,3,10,14,hard,B,-0.19928093,0.43247153,B
3,3,13,15,hard,B,-0.28948159,0.19715745,B
3,3,20,16,hard,B,0.10405274,0.1917016,B
3,3,6,17,hard,B,0.28418037,0.18397346,B
3,3,11,18,hard,B,0.19894948,0.43958151,B
3,3,7,19,hard,B,0.29112235,0.39181421,B
3,4,5,1,hard,B,-0.08661929,0.16542495,A
3,4,3,2,hard,B,-0.08519197,-0.01416696,A
3,4,1,3,hard,B,0.00457294,-0.02476442,A
3,4,19,4,hard,B,-0.09516998,-0.22418957,B
3,4,17,5,hard,B,-0.19963591,-0.04556788,B
3,4,14,6,hard,B,-0.21453016,-0.37904298,B
3,4,11,7,hard,B,-0.30783666,-0.41325002,B
3,4,16,8,hard,B,0.01449843,-0.41749951,B
3,4,13,9,hard,B,0.10410774,-0.40442323,B
3,4,20,10,hard,B,0.30863005,-0.19713254,B
3,4,9,11,hard,B,0.29040017,-0.01177406,B
3,4,10,12,hard,B,0.20594597,-0.03931907,B
3,4,8,13,hard,B,0.21699726,0.40190846,B
3,4,4,14,hard,B,-0.19322658,0.36711053,A
3,4,2,15,hard,B,-0.31658065,0.41367886,A
3,4,6,16,hard,B,-0.11056641,0.39683901,B
3,4,18,17,hard,B,-0.20262378,0.21177965,B
3,4,7,18,hard,B,-0.31725776,0.16794899,B
3,4,12,19,hard,B,-0.38842546,0.03933359,B
3,4,15,20,hard,B,-0.39016438,0.36748277,B
3,5,4,1,hard,B,-0.10703462,0.18189343,A
3,5,3,2,hard,B,-0.1876506,-0.01193751,A
3,5,1,3,hard,B,-0.39145176,-0.02962269,A
3,5,2,4,hard,B,0.18644566,0.24643917,A
3,5,10,5,hard,B,0.30704939,0.2369622,B
3,5,7,6,hard,B,0.28824854,0.38997916,B
3,5,15,7,hard,B,-0.01422608,0.18461611,B
3,5,8,8,hard,B,-0.30821586,0.24465615,B
3,5,18,9,hard,B,-0.3951245,0.23504119,B
3,5,20,10,hard,B,-0.0121849,-0.04703328,B
3,5,16,11,hard,B,0.1139734,-0.22953778,B
3,5,9,12,hard,B,0.19078161,-0.24254626,B
3,5,11,13,hard,B,0.08207298,-0.38053389,B
3,5,19,14,hard,B,0.01437334,-0.41190386,B
3,5,5,15,hard,B,-0.09886549,-0.40877699,A
3,5,13,16,hard,B,-0.18562425,-0.23818208,B
3,5,14,17,hard,B,-0.30971498,-0.16605442,B
3,5,12,18,hard,B,-0.39531382,-0.15428767,B
3,5,17,19,hard,B,-0.29735074,-0.39069526,B
3,5,6,20,hard,B,-0.2172286,-0.40453467,B
3,6,19,1,hard,B,-0.00756054,-0.20774285,B
3,6,14,2,hard,B,-0.197338,-0.20978381,B
3,6,18,3,hard,B,-0.19115671,-0.3565955,B
3,6,15,4,hard,B,-0.08553426,-0.39477508,B
3,6,10,5,hard,B,0.0060155,-0.42153427,B
3,6,13,6,hard,B,0.18134256,-0.21222299,B
3,6,7,7,hard,B,0.11275469,-0.18698431,B
3,6,12,8,hard,B,0.30967328,-0.16944258,B
3,6,5,9,hard,B,0.31771983,-0.42109149,A
3,6,2,10,hard,B,-0.31093015,-0.24308965,A
3,6,20,11,hard,B,-0.40399819,-0.38940524,B
3,6,9,12,hard,B,-0.40092648,0.04205308,B
3,6,17,13,hard,B,-0.30756433,0.18127597,B
3,6,4,14,hard,B,-0.40198315,0.21005736,A
3,6,6,15,hard,B,-0.20255212,0.37789699,B
3,6,8,16,hard,B,-0.394406,0.38619798,B
3,6,11,17,hard,B,0.00907726,0.37265026,B
3,6,1,18,hard,B,0.10667705,0.41054811,A
3,6,3,19,hard,B,0.00420276,0.21792728,A
3,6,16,20,hard,B,0.31745238,0.3572707,B
9,1,11,1,easy,A,-0.40029741,0.42160462,A
9,1,2,2,easy,A,-0.30490477,0.40525677,A
9,1,19,3,easy,A,-0.21555792,0.4035053,B
9,1,1,4,easy,A,0.09688342,0.41416635,A
9,1,8,5,easy,A,0.21474946,0.24802923,A
9,1,6,6,easy,A,0.18126215,0.35414835,A
9,1,17,7,easy,A,0.31696817,0.3543642,B
9,1,10,8,easy,A,-0.0072595,0.18021481,A
9,1,18,9,easy,A,-0.28622379,0.19655501,B
9,1,13,10,easy,A,-0.30923609,0.03394817,A
9,1,4,11,easy,A,-0.21466491,0.00853065,A
9,1,3,12,easy,A,-0.08877951,0.01472501,A
9,1,9,13,easy,A,0.29457374,-0.37290408,A
9,1,7,14,easy,A,0.30693098,-0.2479548,A
9,1,5,15,easy,A,0.18878882,-0.38902545,A
9,1,20,16,easy,A,-0.01090468,-0.44379608,B
9,1,16,17,easy,A,-0.19295646,-0.40092226,B
9,1,15,18,easy,A,-0.38692585,-0.20408476,A
9,2,6,1,easy,A,-0.21386782,0.42573441,A
9,2,20,2,easy,A,-0.31189771,0.38747859,B
9,2,12,3,easy,A,-0.30276379,0.24624893,A
9,2,16,4,easy,A,0.28086414,0.40871781,B
9,2,13,5,easy,A,0.28578132,0.01962551,A
9,2,10,6,easy,A,0.21745777,0.18964906,A
9,2,1,7,easy,A,0.18753398,0.02812491,A
9,2,4,8,easy,A,0.09848739,-0.04922288,A
9,2,2,9,easy,A,-0.00198843,-0.01785615,A
9,2,3,10,easy,A,-0.10639425,0.0459402,A
9,2,11,11,easy,A,-0.40271557,-0.03460368,A
9,2,17,12,easy,A,-0.00416363,-0.22074257,B
9,2,8,13,easy,A,-0.10040359,-0.18588398,A
9,2,15,14,easy,A,0.21584614,-0.19590258,A
9,2,7,15,easy,A,0.29185998,-0.16407185,A
9,2,14,16,easy,A,0.3057079,-0.35073677,A
9,2,9,17,easy,A,0.10929554,-0.15832067,A
9,2,19,18,easy,A,-0.00736963,-0.44366977,B
9,2,18,19,easy,A,-0.29881995,-0.38102316,B
9,2,5,20,easy,A,-0.40540046,-0.37458157,A
9,3,15,1,easy,A,-0.38002819,0.36880533,A
9,3,8,2,easy,A,-0.19950186,0.42059239,A
9,3,9,3,easy,A,-0.11404819,0.41381228,A
9,3,7,4,easy,A,0.20620238,0.43307211,A
9,3,10,5,easy,A,0.20314843,0.20836786,A
9,3,4,6,easy,A,0.00125628,0.24869804,A
9,3,17,7,easy,A,-0.205103,0.16173736,B
9,3,20,8,easy,A,-0.38620158,0.22956575,B
9,3,2,9,easy,A,-0.40625323,0.00172121,A
9,3,19,10,easy,A,0.00167494,-0.01853382,B
9,3,12,11,easy,A,0.2901646,-0.02824667,A
9,3,3,12,easy,A,0.21567866,0.00316277,A
9,3,16,13,easy,A,0.18353423,-0.19728793,B
9,3,1,14,easy,A,0.31337201,-0.183796,A
9,3,13,15,easy,A,-0.01728625,-0.1802322,A
9,3,6,16,easy,A,-0.3195045,-0.15269633,A
9,3,14,17,easy,A,-0.31534498,-0.39237635,A
9,3,5,18,easy,A,-0.20649893,-0.38862854,A
9,3,11,19,easy,A,-0.1043351,-0.39382654,A
9,3,18,20,easy,A,0.09182024,-0.44012767,B
9,4,3,1,easy,A,-0.00126476,0.41055128,A
9,4,1,2,easy,A,0.10209387,0.37402395,A
9,4,12,3,easy,A,0.30128898,0.36897546,A
9,4,5,4,easy,A,0.20394695,0.2208741,A
9,4,10,5,easy,A,-0.31504208,0.21868538,A
9,4,8,6,easy,A,-0.19350572,0.23569125,A
9,4,16,7,easy,A,-0.39052636,0.02811635,B
9,4,17,8,easy,A,-0.21006625,-0.02671174,B
9,4,13,9,easy,A,0.0100782,0.02389428,A
9,4,9,10,easy,A,0.11514005,-0.03656963,A
9,4,4,11,easy,A,0.30260384,-0.04427874,A
9,4,15,12,easy,A,0.21581357,-0.22905928,A
9,4,11,13,easy,A,0.2056193,-0.35611528,A
9,4,18,14,easy,A,-0.00426771,-0.39487872,B
9,4,7,15,easy,A,-0.10159887,-0.23092315,A
9,4,19,16,easy,A,-0.20963134,-0.2047293,B
9,4,14,17,easy,A,-0.30445214,-0.15136858,A
9,4,6,18,easy,A,-0.20074259,-0.35000269,A
9,4,2,19,easy,A,-0.09693536,-0.35669694,A
9,4,20,20,easy,A,-0.28099695,-0.42307252,B
9,5,9,1,easy,A,-0.38318977,0.43170913,A
9,5,2,2,easy,A,-0.00357875,0.44262202,A
9,5,3,3,easy,A,0.09539456,0.39942891,A
9,5,5,4,easy,A,-0.08120126,0.20615648,A
9,5,6,5,easy,A,-0.29891296,0.19492308,A
9,5,16,6,easy,A,-0.31452738,-0.02557059,B
9,5,4,7,easy,A,-0.41990312,0.00655425,A
9,5,14,8,easy,A,-0.09323898,0.01569661,A
9,5,12,9,easy,A,0.08767648,-0.01625937,A
9,5,11,10,easy,A,0.28657447,-0.0331957,A
9,5,19,11,easy,A,0.21678748,-0.00987942,B
9,5,1,12,easy,A,0.30013288,-0.15350038,A
9,5,13,13,easy,A,0.19348891,-0.17527895,A
9,5,20,14,easy,A,0.08180276,-0.16906979,B
9,5,15,15,easy,A,0.18635868,-0.42875584,A
9,5,7,16,easy,A,0.11869599,-0.38951587,A
9,5,10,17,easy,A,0.00709925,-0.38193764,A
9,5,17,18,easy,A,-0.11118251,-0.20070912,B
9,5,8,19,easy,A,-0.41808919,-0.22610973,A
9,5,18,20,easy,A,-0.39288542,-0.38678435,B
9,1,7,1,easy,AB,0.31994007,0.41086443,A
9,1,10,2,easy,AB,0.2801236,0.23868461,A
9,1,2,3,easy,AB,0.18792415,0.23783077,A
9,1,15,4,easy,AB,0.01909553,0.15199081,B
9,1,4,5,easy,AB,-0.09170175,0.21571087,A
9,1,8,6,easy,AB,-0.31864201,0.19200667,A
9,1,18,7,easy,AB,-0.41038099,0.23080967,B
9,1,1,8,easy,AB,-0.39894139,0.01406122,A
9,1,3,9,easy,AB,-0.19371888,-0.01145235,A
9,1,20,10,easy,AB,-0.00781104,0.0325055,B
9,1,9,11,easy,AB,0.19141266,-0.16364643,A
9,1,16,12,easy,AB,0.10543722,-0.1707813,B
9,1,13,13,easy,AB,-0.19835249,-0.2444715,B
9,1,12,14,easy,AB,-0.4027526,-0.16109556,B
9,1,14,15,easy,AB,-0.28230934,-0.18548809,B
9,1,17,16,easy,AB,-0.30442898,-0.41432253,B
9,1,6,17,easy,AB,-0.18337047,-0.42463121,A
9,1,5,18,easy,AB,-0.08874669,-0.39584776,A
9,1,19,19,easy,AB,0.00819651,-0.42156104,B
9,1,11,20,easy,AB,0.09233015,-0.36182384,B
9,2,18,1,easy,AB,-0.41231686,0.40204477,B
9,2,7,2,easy,AB,-0.10074226,0.39145847,A
9,2,2,3,easy,AB,0.2870127,0.19688769,A
9,2,10,4,easy,AB,0.20753544,0.04050514,A
9,2,19,5,easy,AB,0.09699995,0.01724892,B
9,2,1,6,easy,AB,-0.11026125,0.2091361,A
9,2,13,7,easy,AB,-0.21338381,-0.02009586,B
9,2,15,8,easy,AB,-0.29827602,-0.01635382,B
9,2,20,9,easy,AB,-0.41185074,-0.1636876,B
9,2,6,10,easy,AB,-0.31224198,-0.19555497,A
9,2,17,11,easy,AB,-0.19967404,-0.1849218,B
9,2,14,12,easy,AB,0.09267697,-0.1774149,B
9,2,16,13,easy,AB,0.31177772,-0.00445362,B
9,2,4,14,easy,AB,0.29166445,-0.20059903,A
9,2,11,15,easy,AB,0.21440165,-0.3774512,B
9,2,8,16,easy,AB,0.11137875,-0.42314154,A
9,2,9,17,easy,AB,-0.08206151,-0.36554998,A
9,2,12,18,easy,AB,-0.30702102,-0.39103357,B
9,2,3,19,easy,AB,-0.41168072,-0.3567621,A
9,3,20,1,easy,AB,-0.39428133,0.37346082,B
9,3,1,2,easy,AB,-0.29043963,0.40823228,A
9,3,13,3,easy,AB,0.31750219,0.44823191,B
9,3,5,4,easy,AB,-0.20130608,0.16176193,A
9,3,7,5,easy,AB,-0.40841671,0.22331927,A
9,3,16,6,easy,AB,-0.31482711,0.0172055,B
9,3,11,7,easy,AB,0.1065967,-0.04334685,B
9,3,6,8,easy,AB,0.18971445,-0.04814974,A
9,3,19,9,easy,AB,0.31854756,-0.02961474,B
9,3,9,10,easy,AB,0.21086324,-0.21377107,A
9,3,4,11,easy,AB,-0.10787909,-0.19765183,A
9,3,18,12,easy,AB,-0.20218518,-0.19363069,B
9,3,3,13,easy,AB,-0.28166941,-0.22143514,A
9,3,15,14,easy,AB,-0.41123914,-0.39541514,B
9,3,8,15,easy,AB,-0.28350066,-0.43320799,A
9,3,2,16,easy,AB,-0.10476855,-0.44248954,A
9,3,10,17,easy,AB,0.00368462,-0.44729611,A
9,3,14,18,easy,AB,0.11904788,-0.4475619,B
9,3,17,19,easy,AB,0.20986731,-0.36871384,B
9,3,12,20,easy,AB,0.2950841,-0.38302841,B
9,4,5,1,easy,AB,-0.21867667,0.44635188,A
9,4,18,2,easy,AB,0.01326114,0.40072171,B
9,4,16,3,easy,AB,0.18632257,0.43336777,B
9,4,8,4,easy,AB,0.28522065,0.44871801,A
9,4,1,5,easy,AB,0.31158732,0.19247251,A
9,4,6,6,easy,AB,0.08639795,0.15853561,A
9,4,3,7,easy,AB,-0.01932904,0.24373334,A
9,4,15,8,easy,AB,-0.31040465,0.15664254,B
9,4,11,9,easy,AB,-0.39921998,0.2232659,B
9,4,12,10,easy,AB,-0.30313945,-0.03098301,B
9,4,20,11,easy,AB,-0.19831144,-0.01150218,B
9,4,2,12,easy,AB,0.08167114,-0.04513288,A
9,4,4,13,easy,AB,0.18523359,-0.03858519,A
9,4,13,14,easy,AB,0.28710398,-0.21158866,B
9,4,10,15,easy,AB,0.21612827,-0.17777739,A
9,4,9,16,easy,AB,0.00257849,-0.19962169,A
9,4,17,17,easy,AB,-0.29496171,-0.23722293,B
9,4,7,18,easy,AB,-0.4073961,-0.35448747,A
9,4,19,19,easy,AB,-0.29351556,-0.41415559,B
9,4,14,20,easy,AB,0.30494489,-0.38019178,B
9,5,15,1,easy,AB,-0.20129219,0.43924698,B
9,5,16,2,easy,AB,-0.08290641,0.43721529,B
9,5,3,3,easy,AB,0.00154292,0.40745247,A
9,5,13,4,easy,AB,0.092343,0.39745605,B
9,5,8,5,easy,AB,0.30788441,0.21456988,A
9,5,14,6,easy,AB,0.09851112,0.21391197,B
9,5,4,7,easy,AB,-0.21869632,0.22104612,A
9,5,20,8,easy,AB,0.09224281,0.04639357,B
9,5,12,9,easy,AB,0.29306296,0.00585281,B
9,5,6,10,easy,AB,-0.30516592,-0.04521789,A
9,5,5,11,easy,AB,-0.28688043,-0.1565934,A
9,5,9,12,easy,AB,-0.09252078,-0.17864281,A
9,5,1,13,easy,AB,0.11298861,-0.1555357,A
9,5,2,14,easy,AB,0.18708656,-0.20920935,A
9,5,7,15,easy,AB,0.29696183,-0.36068318,A
9,5,10,16,easy,AB,0.01641145,-0.40798327,A
9,5,17,17,easy,AB,-0.19965645,-0.38887911,B
9,5,11,18,easy,AB,-0.11311991,-0.42918701,B
9,5,18,19,easy,AB,-0.29254471,-0.42961731,B
9,5,19,20,easy,AB,-0.39469795,-0.43173358,B
9,1,8,1,easy,B,-0.41674155,0.42378285,B
9,1,14,2,easy,B,-0.18353004,0.22326392,B
9,1,2,3,easy,B,-0.11230287,0.16652724,A
9,1,15,4,easy,B,-0.01174345,0.24845891,B
9,1,16,5,easy,B,-0.00817826,0.356484,B
9,1,13,6,easy,B,0.08939181,0.19333701,B
9,1,3,7,easy,B,0.21626474,0.22010287,A
9,1,18,8,easy,B,0.31524658,0.4257226,B
9,1,11,9,easy,B,-0.4038026,0.15130366,B
9,1,17,10,easy,B,-0.31346361,-0.01673819,B
9,1,9,11,easy,B,-0.20204358,-0.01007461,B
9,1,12,12,easy,B,-0.11374671,0.01845564,B
9,1,6,13,easy,B,0.2055462,0.00604081,B
9,1,5,14,easy,B,0.31122924,-0.41066695,A
9,1,20,15,easy,B,0.08833779,-0.23272844,B
9,1,1,16,easy,B,-0.01152954,-0.16707325,A
9,1,4,17,easy,B,-0.41824659,-0.20698602,A
9,1,19,18,easy,B,-0.28569369,-0.35344269,B
9,1,7,19,easy,B,-0.08578611,-0.43859997,B
9,1,10,20,easy,B,0.00582981,-0.41679979,B
9,2,8,1,easy,B,-0.4179483,0.36044634,B
9,2,1,2,easy,B,-0.28647054,0.1920915,A
9,2,7,3,easy,B,-0.0184064,0.44702091,B
9,2,2,4,easy,B,-0.01240273,0.18343267,A
9,2,6,5,easy,B,0.10905509,0.39147066,B
9,2,17,6,easy,B,0.29918861,0.36114943,B
9,2,12,7,easy,B,0.1925459,0.20925099,B
9,2,16,8,easy,B,0.11269386,0.15296255,B
9,2,9,9,easy,B,-0.01863685,0.04352113,B
9,2,19,10,easy,B,-0.09261203,-0.01599934,B
9,2,10,11,easy,B,-0.39517256,-0.01456711,B
9,2,3,12,easy,B,-0.39654026,-0.19105433,A
9,2,5,13,easy,B,-0.19475983,-0.24616428,A
9,2,20,14,easy,B,-0.10552904,-0.22028226,B
9,2,11,15,easy,B,0.11493581,-0.15666426,B
9,2,4,16,easy,B,0.08675114,-0.42067705,A
9,2,15,17,easy,B,0.00624223,-0.38627934,B
9,2,14,18,easy,B,-0.28797406,-0.43195791,B
9,3,18,1,easy,B,-0.41749394,0.19588845,B
9,3,4,2,easy,B,-0.11131471,0.22594207,A
9,3,15,3,easy,B,0.00391851,0.21634612,B
9,3,7,4,easy,B,0.30448912,0.43467325,B
9,3,10,5,easy,B,0.28973924,0.18212587,B
9,3,2,6,easy,B,0.19071681,0.21367575,A
9,3,1,7,easy,B,-0.40496329,0.01522291,A
9,3,3,8,easy,B,-0.18593584,-0.04874878,A
9,3,20,9,easy,B,-0.01994709,-0.03541043,B
9,3,9,10,easy,B,0.19938561,-0.18960894,B
9,3,16,11,easy,B,0.08923684,-0.1984503,B
9,3,13,12,easy,B,-0.19131127,-0.15470493,B
9,3,14,13,easy,B,-0.30863661,-0.17798151,B
9,3,12,14,easy,B,-0.41949603,-0.20700636,B
9,3,17,15,easy,B,-0.31418243,-0.35834287,B
9,3,6,16,easy,B,-0.19967141,-0.42454657,B
9,3,5,17,easy,B,-0.09612012,-0.37559364,A
9,3,19,18,easy,B,0.01832812,-0.44467228,B
9,3,11,19,easy,B,0.11767558,-0.36936009,B
9,4,9,1,easy,B,-0.30725279,0.38967457,B
9,4,2,2,easy,B,-0.3879183,0.21425952,A
9,4,11,3,easy,B,-0.01905671,0.20158845,B
9,4,7,4,easy,B,0.00969299,0.36525803,B
9,4,19,5,easy,B,0.090136,0.38372194,B
9,4,12,6,easy,B,0.19967906,0.36103893,B
9,4,16,7,easy,B,0.20503692,0.23493681,B
9,4,14,8,easy,B,0.30626351,0.42109448,B
9,4,4,9,easy,B,0.29593828,-0.04272168,A
9,4,3,10,easy,B,0.1865791,-0.02175852,A
9,4,5,11,easy,B,-0.09896744,-0.00561149,A
9,4,10,12,easy,B,-0.39044734,0.03298076,B
9,4,17,13,easy,B,-0.19300137,0.02779736,B
9,4,1,14,easy,B,-0.08761634,-0.20955336,A
9,4,18,15,easy,B,0.09361914,-0.18510196,B
9,4,15,16,easy,B,0.31023167,-0.17673008,B
9,4,8,17,easy,B,0.31192469,-0.4412123,B
9,4,6,18,easy,B,0.21215764,-0.40031493,B
9,4,20,19,easy,B,-0.18303683,-0.3981429,B
9,4,13,20,easy,B,-0.40169073,-0.35696187,B
9,5,10,1,easy,B,-0.40333102,0.43727666,B
9,5,7,2,easy,B,-0.20781118,0.40992861,B
9,5,4,3,easy,B,-0.11994661,0.42553539,A
9,5,14,4,easy,B,0.09639028,0.43960702,B
9,5,19,5,easy,B,-0.00749001,0.43732847,B
9,5,8,6,easy,B,-0.38985768,0.19472247,B
9,5,5,7,easy,B,-0.18290698,0.16073787,A
9,5,3,8,easy,B,-0.1138894,0.15453935,A
9,5,9,9,easy,B,-0.38933792,-0.02534444,B
9,5,11,10,easy,B,-0.2973765,0.01717288,B
9,5,6,11,easy,B,-0.20268952,-0.00386555,B
9,5,13,12,easy,B,-0.08424239,0.03058954,B
9,5,20,13,easy,B,0.0901561,-0.17283921,B
9,5,12,14,easy,B,-0.08008357,-0.18656683,B
9,5,2,15,easy,B,-0.21403053,-0.19719629,A
9,5,15,16,easy,B,-0.28081926,-0.17626184,B
9,5,18,17,easy,B,-0.39848657,-0.22118251,B
9,5,17,18,easy,B,-0.40862178,-0.41943734,B
9,5,16,19,easy,B,0.01532773,-0.42189487,B
9,5,1,20,easy,B,0.20361105,-0.44117434,A
9,3,4,1,hard,A,-0.3041085,0.40501802,A
9,3,10,2,hard,A,-0.19570983,0.37858351,A
9,3,3,3,hard,A,-0.08339709,0.35638842,A
9,3,2,4,hard,A,0.0084140800000000009,0.38853496,A
9,3,11,5,hard,A,0.18345672,0.37328462,A
9,3,7,6,hard,A,0.28833825,0.40064633,A
9,3,6,7,hard,A,0.3147425,0.1586982,A
9,3,13,8,hard,A,-0.31736708,0.19575399,A
9,3,14,9,hard,A,-0.38221873,0.01059641,A
9,3,12,10,hard,A,0.20773024,-0.22202964,A
9,3,8,11,hard,A,-0.11809473,-0.15313885,A
9,3,1,12,hard,A,-0.20664469,-0.19398202,A
9,3,18,13,hard,A,-0.31123031,-0.35977237,B
9,3,9,14,hard,A,-0.3908885,-0.24542142,A
9,3,15,15,hard,A,-0.38897712,-0.40938966,A
9,3,5,16,hard,A,0.08526702,-0.3592171,A
9,3,16,17,hard,A,0.10967875,-0.18607164,B
9,3,19,18,hard,A,-0.00164655,-0.1908908,B
9,3,20,19,hard,A,0.1020832,0.22475894,B
9,3,17,20,hard,A,-0.38088743,0.16245536,B
9,4,6,1,hard,A,-0.31045973,0.38349234,A
9,4,16,2,hard,A,-0.21820881,0.43908618,B
9,4,7,3,hard,A,-0.08782918,0.43682312,A
9,4,12,4,hard,A,0.11959922,0.4400332,A
9,4,15,5,hard,A,0.20299956,0.44658348,A
9,4,10,6,hard,A,0.29320797,0.17412707,A
9,4,13,7,hard,A,0.18038028,0.15511748,A
9,4,20,8,hard,A,-0.28626136,0.18608869,B
9,4,8,9,hard,A,-0.28967823,-0.01556586,A
9,4,3,10,hard,A,-0.00845809,0.01107769,A
9,4,19,11,hard,A,0.28442617,0.02684353,B
9,4,4,12,hard,A,0.09421035,-0.02639663,A
9,4,14,13,hard,A,0.20027109,-0.22552863,A
9,4,5,14,hard,A,-0.0014319,-0.21392934,A
9,4,11,15,hard,A,-0.08887625,-0.20129534,A
9,4,2,16,hard,A,-0.18172256,-0.20198099,A
9,4,9,17,hard,A,-0.30052429,-0.22561682,A
9,4,18,18,hard,A,-0.29501158,-0.40182483,B
9,4,17,19,hard,A,-0.3922014,-0.40714085,B
9,4,1,20,hard,A,-0.11666733,-0.44612915,A
9,5,9,1,hard,A,-0.38093367,0.42406818,A
9,5,2,2,hard,A,0.0173993,0.36155627,A
9,5,3,3,hard,A,0.11473151,0.40854802,A
9,5,6,4,hard,A,-0.28270315,0.23196835,A
9,5,5,5,hard,A,-0.09933304,0.21741692,A
9,5,19,6,hard,A,0.21215015,-0.03443137,B
9,5,12,7,hard,A,0.08592742,-0.00809789,A
9,5,11,8,hard,A,0.29549222000000003,0.0055961199999999996,A
9,5,14,9,hard,A,-0.1005372,0.02073268,A
9,5,4,10,hard,A,-0.38834267,-0.02831337,A
9,5,16,11,hard,A,-0.30413274,0.04015495,B
9,5,8,12,hard,A,-0.41528334,-0.17170847,A
9,5,17,13,hard,A,-0.10793058,-0.21040431,B
9,5,13,14,hard,A,0.19905645,-0.20500085,A
9,5,20,15,hard,A,0.09627629,-0.15492262,B
9,5,10,16,hard,A,-0.01587484,-0.36869765,A
9,5,7,17,hard,A,0.11390046,-0.35680435,A
9,5,18,18,hard,A,-0.4033773,-0.36767758,B
9,5,15,19,hard,A,0.20798105,-0.37458585,A
9,6,7,1,hard,A,-0.19566399,0.42283731,A
9,6,14,2,hard,A,0.00548848,0.4073783,A
9,6,6,3,hard,A,0.11560093,0.35106928,A
9,6,13,4,hard,A,0.18942621,0.39483015,A
9,6,19,5,hard,A,0.31110369,0.15093907,B
9,6,17,6,hard,A,0.18566051,0.20407121,B
9,6,10,7,hard,A,0.10266891,0.16383594,A
9,6,9,8,hard,A,-0.31304292,0.19170513,A
9,6,11,9,hard,A,-0.11053784,-0.0392792,A
9,6,4,10,hard,A,-0.18816773,0.01128479,A
9,6,18,11,hard,A,0.08095391,-0.01258196,B
9,6,8,12,hard,A,-0.1077238,-0.15364881,A
9,6,16,13,hard,A,0.09710757,-0.24196954,B
9,6,20,14,hard,A,-0.28191615,-0.22560048,B
9,6,12,15,hard,A,-0.38020686,-0.16126959,A
9,6,2,16,hard,A,-0.1848818,-0.39385627,A
9,6,1,17,hard,A,-0.08754313,-0.38295025,A
9,6,15,18,hard,A,0.00372813,-0.39234704,A
9,6,3,19,hard,A,0.11656486,-0.40310417,A
9,6,5,20,hard,A,0.31727166,-0.42500164,A
9,8,9,1,hard,A,-0.29442559,0.37993485,A
9,8,7,2,hard,A,-0.0166819,0.3506512,A
9,8,12,3,hard,A,0.20253726,0.39993082,A
9,8,14,4,hard,A,0.2984564,0.38447171,A
9,8,2,5,hard,A,-0.41743125,0.23042448,A
9,8,11,6,hard,A,-0.01744933,0.23169723,A
9,8,19,7,hard,A,0.10335922,0.38669577,B
9,8,16,8,hard,A,0.1954791,0.24179819,B
9,8,10,9,hard,A,-0.39107279,-0.00153595,A
9,8,5,10,hard,A,-0.09450323,0.0192364,A
9,8,17,11,hard,A,-0.21074705,0.02218745,B
9,8,3,12,hard,A,0.19081317,0.0153066,A
9,8,4,13,hard,A,0.28153607,-0.00896476,A
9,8,18,14,hard,A,0.11000432,-0.18653458,B
9,8,1,15,hard,A,-0.10124209,-0.21069327,A
9,8,15,16,hard,A,0.29690772,-0.19516556,A
9,8,8,17,hard,A,0.29835623,-0.36883805,A
9,8,6,18,hard,A,0.19554076,-0.38904964,A
9,8,20,19,hard,A,-0.20120092,-0.37041007,B
9,8,13,20,hard,A,-0.4116544,-0.40279491,A
9,1,8,1,hard,AB,-0.28388244,0.22272143,A
9,1,18,2,hard,AB,-0.40274273,0.21242753,B
9,1,4,3,hard,AB,-0.10731568,0.15472482,A
9,1,15,4,hard,AB,-0.01691553,0.22711218,B
9,1,7,5,hard,AB,0.3103017,0.40390358,A
9,1,10,6,hard,AB,0.29228725,0.1833121,A
9,1,2,7,hard,AB,0.21829117,0.21936236,A
9,1,3,8,hard,AB,-0.19433313,-0.02852153,A
9,1,1,9,hard,AB,-0.39196944,-0.02647678,A
9,1,20,10,hard,AB,-0.01798263,0.04505027,B
9,1,9,11,hard,AB,0.18445922,-0.20684103,A
9,1,16,12,hard,AB,0.08137593,-0.20401551,B
9,1,13,13,hard,AB,-0.21487421,-0.24039183,B
9,1,14,14,hard,AB,-0.28901097,-0.2129657,B
9,1,12,15,hard,AB,-0.39181489,-0.1973998,B
9,1,17,16,hard,AB,-0.31755938,-0.39814223,B
9,1,6,17,hard,AB,-0.21627552,-0.36058187,A
9,1,5,18,hard,AB,-0.09826885,-0.40975582,A
9,1,11,19,hard,AB,0.11872682,-0.39840017,B
9,1,19,20,hard,AB,-0.0069509,-0.41037927,B
9,2,2,1,hard,AB,-0.38527433,0.3781465,A
9,2,3,2,hard,AB,-0.21398648,0.40896215,A
9,2,8,3,hard,AB,-0.31368953,0.2117704,A
9,2,14,4,hard,AB,-0.10549589,0.37095995,B
9,2,18,5,hard,AB,0.08645045,0.39286905,B
9,2,12,6,hard,AB,0.18552851,0.42103575,B
9,2,9,7,hard,AB,0.19764911,0.15074893,A
9,2,5,8,hard,AB,0.20474595,0.03802797,A
9,2,19,9,hard,AB,-0.10516822,-0.03337617,B
9,2,17,10,hard,AB,-0.10241469,0.17448614,B
9,2,20,11,hard,AB,-0.39976658,0.04584023,B
9,2,6,12,hard,AB,0.19134224,-0.38695768,A
9,2,10,13,hard,AB,0.09996416,-0.4199619,A
9,2,7,14,hard,AB,0.30845093,-0.18361022,A
9,2,11,15,hard,AB,0.3002706,-0.35449115,B
9,2,15,16,hard,AB,0.21691424,-0.16086196,B
9,2,13,17,hard,AB,-0.18056242,-0.44056374,B
9,2,1,18,hard,AB,-0.31403509,-0.37123888,A
9,2,4,19,hard,AB,-0.18353444,-0.02600521,A
9,2,16,20,hard,AB,-0.01786626,-0.19781154,B
9,3,4,1,hard,AB,-0.21506688,0.42070172,A
9,3,16,2,hard,AB,0.00356171,0.38482022,B
9,3,6,3,hard,AB,0.10936802,0.37295116,A
9,3,8,4,hard,AB,0.28702177,0.35348417,A
9,3,11,5,hard,AB,0.18028051,0.19474553,B
9,3,20,6,hard,AB,0.10884688,0.16161359,B
9,3,10,7,hard,AB,-0.29062491,-0.0154782,A
9,3,2,8,hard,AB,-0.19456465,0.02329345,A
9,3,5,9,hard,AB,0.08347355,-0.04749855,A
9,3,17,10,hard,AB,0.30489285,-0.00243923,B
9,3,19,11,hard,AB,0.28013943,-0.21639228,B
9,3,15,12,hard,AB,0.09157396,-0.15211996,B
9,3,1,13,hard,AB,-0.01099035,-0.22181024,A
9,3,3,14,hard,AB,-0.31576121,-0.16229913,A
9,3,13,15,hard,AB,-0.28193975,-0.43904963,B
9,3,14,16,hard,AB,-0.20722808,-0.39018941,B
9,3,7,17,hard,AB,0.10412075,-0.37804897,A
9,3,18,18,hard,AB,0.20216264,-0.37773428,B
9,3,12,19,hard,AB,0.00265668,-0.41705741,B
9,3,9,20,hard,AB,0.28928968,-0.39573656,A
9,4,8,1,hard,AB,-0.21982466,0.44935094,A
9,4,15,2,hard,AB,-0.39265337,0.40375955,B
9,4,9,3,hard,AB,-0.10280596,0.36722193,A
9,4,7,4,hard,AB,0.19192058,0.41991243,A
9,4,10,5,hard,AB,0.1912113,0.15181929,A
9,4,4,6,hard,AB,0.01977923,0.17564804,A
9,4,17,7,hard,AB,-0.21260084,0.17257124,B
9,4,20,8,hard,AB,-0.3923834,0.20658451,B
9,4,3,9,hard,AB,0.18240028,0.04748574,A
9,4,19,10,hard,AB,-0.00791636,-0.03277465,B
9,4,12,11,hard,AB,0.30693475,0.03848764,B
9,4,1,12,hard,AB,0.29073824,-0.19391563,A
9,4,2,13,hard,AB,-0.38106439,-4.4111e-4,A
9,4,6,14,hard,AB,-0.31630238,-0.22210137,A
9,4,13,15,hard,AB,-0.01736072,-0.16479717,B
9,4,16,16,hard,AB,0.20341867,-0.22050099,B
9,4,5,17,hard,AB,-0.19772106,-0.4154727,A
9,4,14,18,hard,AB,-0.30900452,-0.35301848,B
9,4,11,19,hard,AB,-0.08300303,-0.35713605,B
9,4,18,20,hard,AB,0.08222917,-0.4194302,B
9,5,8,1,hard,AB,-0.38577271,0.38381355,A
9,5,6,2,hard,AB,-0.18107608,0.37093323,A
9,5,11,3,hard,AB,-0.00482634,0.42542675,B
9,5,1,4,hard,AB,0.09535747,0.35416851,A
9,5,16,5,hard,AB,0.29719044,0.43917123,B
9,5,3,6,hard,AB,-0.01584046,0.22327186,A
9,5,17,7,hard,AB,-0.31177455,0.23785639,B
9,5,4,8,hard,AB,-0.39925264,0.20277281,A
9,5,2,9,hard,AB,-0.28939865,-0.21270721,A
9,5,14,10,hard,AB,-0.18507433,-0.15443041,B
9,5,19,11,hard,AB,-0.00687777,-0.23889006,B
9,5,7,12,hard,AB,0.10408453,-0.16191447,A
9,5,13,13,hard,AB,0.1823196,-0.19828904,B
9,5,12,14,hard,AB,0.308792,-0.2373903,B
9,5,5,15,hard,AB,0.28712636,-0.3545557,A
9,5,10,16,hard,AB,-0.01849649,-0.42535255,A
9,5,15,17,hard,AB,-0.08374135,-0.41563714,B
9,5,18,18,hard,AB,-0.20099421,-0.39489319,B
9,5,20,19,hard,AB,-0.41187869,-0.36954401,B
9,5,9,20,hard,AB,-0.38754454,0.04494162,A
9,1,11,1,hard,B,-0.40949445,0.42593428,B
9,1,19,2,hard,B,-0.20641142,0.40991724,B
9,1,7,3,hard,B,-0.38631936,0.22892509,B
9,1,9,4,hard,B,-3.1757527e-4,0.372863178,B
9,1,15,5,hard,B,0.10730259,0.4487451,B
9,1,4,6,hard,B,0.18561258,0.41718561,A
9,1,1,7,hard,B,0.31746297,0.43027024,A
9,1,12,8,hard,B,0.09271278,0.16803921,B
9,1,13,9,hard,B,-0.38720977,0.00110574,B
9,1,16,10,hard,B,-0.28140991,0.00650912,B
9,1,17,11,hard,B,-0.10546381,0.0239367,B
9,1,20,12,hard,B,0.00454656,-0.0035164,B
9,1,3,13,hard,B,0.21813998,-0.04891683,A
9,1,18,14,hard,B,0.29420185,-0.16272568,B
9,1,6,15,hard,B,-0.09232586,-0.17989751,B
9,1,5,16,hard,B,-0.2826871,-0.2146751,A
9,1,2,17,hard,B,-0.38654306,-0.40703875,A
9,1,14,18,hard,B,-0.31452063,-0.40241079,B
9,1,10,19,hard,B,0.31589677,-0.41837253,B
9,2,9,1,hard,B,-0.38028794,0.40171781,B
9,2,14,2,hard,B,-0.29817657,0.40810603,B
9,2,3,3,hard,B,-0.19270485,0.42386177,A
9,2,2,4,hard,B,-0.10139928,0.43025622,A
9,2,15,5,hard,B,-0.00808993,0.41850695,B
9,2,4,6,hard,B,0.09062565,0.37248189,A
9,2,11,7,hard,B,0.29556793,0.35275771,B
9,2,10,8,hard,B,0.01937952,0.17593141,B
9,2,13,9,hard,B,-0.10629209,0.24376383,B
9,2,7,10,hard,B,-0.41380352,0.22907058,B
9,2,17,11,hard,B,0.19658024,-0.00341281,B
9,2,19,12,hard,B,0.31498309,-0.15512755,B
9,2,12,13,hard,B,0.21080134,-0.21139929,B
9,2,6,14,hard,B,0.08698074,-0.15240586,B
9,2,1,15,hard,B,-0.29704227,-0.19289808,A
9,2,20,16,hard,B,-0.18553102,-0.18880922,B
9,2,5,17,hard,B,0.08396101,-0.36514079,A
9,2,16,18,hard,B,-0.09108414,-0.38570495,B
9,2,18,19,hard,B,-0.19134507,-0.38041243,B
9,3,3,1,hard,B,-0.01733231,0.41331948,A
9,3,13,2,hard,B,0.11488167,0.42199258,B
9,3,16,3,hard,B,-0.08580844,0.37237775,B
9,3,15,4,hard,B,-0.18773227,0.40127025,B
9,3,4,5,hard,B,-0.21952599,0.16007454,A
9,3,14,6,hard,B,0.10080637,0.18546723,B
9,3,8,7,hard,B,0.3054691,0.17937009,B
9,3,1,8,hard,B,0.10163126,-0.19211607,A
9,3,2,9,hard,B,0.18635229,-0.22858997,A
9,3,12,10,hard,B,0.31759154,-0.01031201,B
9,3,20,11,hard,B,0.08461114,-0.02031443,B
9,3,6,12,hard,B,-0.28413224,0.02179818,B
9,3,5,13,hard,B,-0.30290228,-0.21275649,A
9,3,9,14,hard,B,-0.08122286,-0.16159749,B
9,3,19,15,hard,B,-0.38013651,-0.38115951,B
9,3,18,16,hard,B,-0.30123109,-0.37793946,B
9,3,17,17,hard,B,-0.21489484,-0.36716357,B
9,3,11,18,hard,B,-0.10484858,-0.35091281,B
9,3,10,19,hard,B,-0.01888128,-0.39124065,B
9,3,7,20,hard,B,0.30186827,-0.41131454,B
9,4,6,1,hard,B,-0.31254118,0.35845187,B
9,4,16,2,hard,B,-0.20828762,0.4378233,B
9,4,7,3,hard,B,-0.11240174,0.3700425,B
9,4,20,4,hard,B,-0.30400986,0.2383752,B
9,4,15,5,hard,B,0.18301703,0.43500302,B
9,4,12,6,hard,B,0.08066419,0.35061408,B
9,4,13,7,hard,B,0.21908212,0.19781001,B
9,4,10,8,hard,B,0.29123856,0.15361656,B
9,4,4,9,hard,B,0.10865646,-0.03587556,A
9,4,19,10,hard,B,0.28778432,-0.04378525,B
9,4,3,11,hard,B,-0.00952078,0.02354396,A
9,4,8,12,hard,B,-0.28260087,0.01660303,B
9,4,9,13,hard,B,-0.29502793,-0.22911997,B
9,4,2,14,hard,B,-0.20814397,-0.24975804,A
9,4,5,15,hard,B,0.00217182,-0.23992361,A
9,4,14,16,hard,B,0.21603723,-0.22150012,B
9,4,18,17,hard,B,-0.30518732,-0.43752764,B
9,4,17,18,hard,B,-0.40204929,-0.3659454,B
9,4,1,19,hard,B,-0.11966581,-0.39400437,A
9,4,11,20,hard,B,-0.10155,-0.15305006,B
9,6,7,1,hard,B,-0.21687512,0.44845451,B
9,6,14,2,hard,B,-0.01389727,0.44575161,B
9,6,6,3,hard,B,0.08311658,0.4432694,B
9,6,19,4,hard,B,0.30299085,0.20900909,B
9,6,17,5,hard,B,0.18626183,0.23748047,B
9,6,10,6,hard,B,0.09796325,0.18569474,B
9,6,9,7,hard,B,-0.30035142,0.23602164,B
9,6,4,8,hard,B,-0.21890987,0.02390696,A
9,6,11,9,hard,B,-0.09945799,-0.0280572,B
9,6,18,10,hard,B,0.11041998,-0.00325843,B
9,6,8,11,hard,B,-0.10682497,-0.17932146,B
9,6,20,12,hard,B,-0.31837744,-0.24753719,B
9,6,12,13,hard,B,-0.39503974,-0.24724854,B
9,6,16,14,hard,B,0.1164563,-0.24042072,B
9,6,5,15,hard,B,0.29345474,-0.41464932,A
9,6,3,16,hard,B,0.10148334,-0.35680962,A
9,6,1,17,hard,B,-0.11338617,-0.3678766,A
9,6,2,18,hard,B,-0.1839762,-0.39610732,A
9,6,15,19,hard,B,0.01706688,-0.42877912,B
10,1,19,1,easy,A,-0.2196146,0.38987587,B
10,1,11,2,easy,A,-0.38607532,0.39617813,A
10,1,7,3,easy,A,-0.38513194,0.19793679,A
10,1,16,4,easy,A,-0.2816131,0.04694048,B
10,1,17,5,easy,A,-0.08623279,-0.00740719,B
10,1,20,6,easy,A,0.01132167,0.02130535,B
10,1,12,7,easy,A,0.11090653,0.23223955,A
10,1,9,8,easy,A,-0.006823,0.36884798,A
10,1,15,9,easy,A,0.09859999,0.44833611,A
10,1,4,10,easy,A,0.19227086,0.38173196,A
10,1,1,11,easy,A,0.30811594,0.42593892,A
10,1,8,12,easy,A,0.28417349,0.16445854,A
10,1,3,13,easy,A,0.19896157,-0.01543458,A
10,1,18,14,easy,A,0.3173206,-0.16948332,B
10,1,10,15,easy,A,0.29685945,-0.40147042,A
10,1,6,16,easy,A,-0.10790137,-0.15760673,A
10,1,13,17,easy,A,-0.41405425,-0.02719035,A
10,1,14,18,easy,A,-0.3160747,-0.36948097,A
10,1,2,19,easy,A,-0.40366918,-0.42542005,A
10,2,16,1,easy,A,0.29846907,0.40126022,B
10,2,20,2,easy,A,-0.30562975,0.39582111,B
10,2,6,3,easy,A,-0.20003039,0.42294389,A
10,2,12,4,easy,A,-0.29173384,0.20625342,A
10,2,11,5,easy,A,-0.39438115,0.03359071,A
10,2,3,6,easy,A,-0.08469251,-0.00658962,A
10,2,2,7,easy,A,0.01786735,-0.0086895,A
10,2,4,8,easy,A,0.11635756,0.04923729,A
10,2,10,9,easy,A,0.19342514,0.2055122,A
10,2,1,10,easy,A,0.21960711,0.04308306,A
10,2,13,11,easy,A,0.31174881,0.01981443,A
10,2,15,12,easy,A,0.20642338,-0.21480222,A
10,2,9,13,easy,A,0.11258328,-0.16187999,A
10,2,17,14,easy,A,-0.01687325,-0.18779505,B
10,2,7,15,easy,A,0.31711685,-0.16834297,A
10,2,8,16,easy,A,-0.09362932,-0.20955824,A
10,2,5,17,easy,A,-0.40666312,-0.43797916,A
10,2,18,18,easy,A,-0.29959606,-0.40274382,B
10,2,19,19,easy,A,8.8471e-4,-0.4244914,B
10,2,14,20,easy,A,0.28798515,-0.43781945,A
10,3,18,1,easy,A,-0.41719625,0.18411006,B
10,3,5,2,easy,A,-0.31546381,0.39388698,A
10,3,1,3,easy,A,-0.20404606,0.38158313,A
10,3,19,4,easy,A,-0.08037084,0.38693026,B
10,3,16,5,easy,A,0.08268459,0.42726113,B
10,3,2,6,easy,A,0.0162641,0.39840306,A
10,3,11,7,easy,A,0.30578307,0.36015333,A
10,3,17,8,easy,A,0.19178727,0.23541619,B
10,3,13,9,easy,A,0.00268552,0.20059987,A
10,3,12,10,easy,A,0.01797143,0.0105067,A
10,3,10,11,easy,A,-0.18119104,0.02710764,A
10,3,14,12,easy,A,-0.21384303,-0.20208978,A
10,3,20,13,easy,A,-0.41451122,-0.3691333,B
10,3,9,14,easy,A,-0.08316422,-0.19618934,A
10,3,7,15,easy,A,0.08758466,-0.24853424,A
10,3,3,16,easy,A,0.20128461,-0.239658,A
10,3,8,17,easy,A,0.3170277,-0.041582,A
10,3,4,18,easy,A,0.31785257,-0.40208273,A
10,3,15,19,easy,A,-0.11119633,-0.39219644,A
10,3,6,20,easy,A,-0.31385138,-0.42452962,A
10,4,17,1,easy,A,0.20054347,0.36181614,B
10,4,6,2,easy,A,0.31851238,0.41170238,A
10,4,13,3,easy,A,0.18058369,0.24246955,A
10,4,4,4,easy,A,0.01800835,0.19792539,A
10,4,1,5,easy,A,0.10036249,0.1893825,A
10,4,7,6,easy,A,-0.08013091,0.15467807,A
10,4,19,7,easy,A,-0.30662335,-0.01867392,B
10,4,9,8,easy,A,-0.30212547,0.21315168,A
10,4,11,9,easy,A,-0.41085474,0.18466755,A
10,4,10,10,easy,A,-0.20175698,0.36964004,A
10,4,12,11,easy,A,0.30844013,0.04671465,A
10,4,16,12,easy,A,0.31501004,-0.1680834,B
10,4,20,13,easy,A,0.01429003,-0.17225554,B
10,4,3,14,easy,A,0.20963086,-0.3725335,A
10,4,18,15,easy,A,0.10959809,-0.4130642,B
10,4,2,16,easy,A,6.5172e-4,-0.41498107,A
10,4,14,17,easy,A,-0.11099562,-0.38835494,A
10,4,15,18,easy,A,-0.18110222,-0.17032129,A
10,4,5,19,easy,A,-0.40864374,-0.42788981,A
10,5,20,1,easy,A,0.10023894,0.02869438,B
10,5,14,2,easy,A,0.10988305,0.18927402,A
10,5,4,3,easy,A,-0.18138112,0.20211517,A
10,5,15,4,easy,A,-0.21145126,0.36251903,A
10,5,16,5,easy,A,-0.10452851,0.35859267,B
10,5,3,6,easy,A,0.01693817,0.41689158,A
10,5,13,7,easy,A,0.10059577,0.42509949,A
10,5,8,8,easy,A,0.31401333,0.20511576,A
10,5,12,9,easy,A,0.30266281,0.02936629,A
10,5,6,10,easy,A,-0.30374104,-0.04277056,A
10,5,5,11,easy,A,-0.30585985,-0.22594094,A
10,5,19,12,easy,A,-0.40934634,-0.3570703,B
10,5,18,13,easy,A,-0.28802411,-0.3986516,B
10,5,17,14,easy,A,-0.21218909,-0.44933936,B
10,5,9,15,easy,A,-0.09005935,-0.20019347,A
10,5,1,16,easy,A,0.09208743,-0.23057306,A
10,5,7,17,easy,A,0.29493835,-0.40767431,A
10,5,10,18,easy,A,-0.00226964,-0.44712956,A
10,5,11,19,easy,A,-0.11510658,-0.38335692,A
10,1,2,1,easy,AB,-0.11661271,0.23560368,A
10,1,15,2,easy,AB,-0.01492226,0.23595691,B
10,1,3,3,easy,AB,0.18837461,0.23205904,A
10,1,13,4,easy,AB,0.08915754,0.18785384,B
10,1,6,5,easy,AB,0.20699883,-0.02418641,A
10,1,12,6,easy,AB,-0.09202567,0.00762259,B
10,1,9,7,easy,AB,-0.21166144,0.02754303,A
10,1,17,8,easy,AB,-0.3013213,-0.03210561,B
10,1,4,9,easy,AB,-0.39007781,-0.23430849,A
10,1,19,10,easy,AB,-0.30720538,-0.360495,B
10,1,1,11,easy,AB,0.01335575,-0.20799195,A
10,1,20,12,easy,AB,0.11622438,-0.2145653,B
10,1,10,13,easy,AB,0.00993031,-0.4119029,A
10,1,14,14,easy,AB,-0.19783071,0.18587521,B
10,1,8,15,easy,AB,-0.40438972,0.44106565,A
10,1,11,16,easy,AB,-0.39990079,0.177298,B
10,1,16,17,easy,AB,-0.00734832,0.42934994,B
10,1,7,18,easy,AB,-0.08495901,-0.42887403,A
10,1,5,19,easy,AB,0.31837148,-0.44087051,A
10,2,4,1,easy,AB,-0.31633362,0.36461543,A
10,2,17,2,easy,AB,-0.41263669,0.15687842,B
10,2,10,3,easy,AB,-0.18151309,0.35784596,A
10,2,13,4,easy,AB,-0.28382509,0.16509517,B
10,2,14,5,easy,AB,-0.38703788,0.0319277,B
10,2,9,6,easy,AB,-0.41695589,-0.15209564,A
10,2,1,7,easy,AB,-0.19877169,-0.15780084,A
10,2,8,8,easy,AB,-0.11792738,-0.20432929,A
10,2,19,9,easy,AB,0.01124878,-0.16551297,B
10,2,16,10,easy,AB,0.11691973,-0.17179306,B
10,2,12,11,easy,AB,0.20313187,-0.22382497,B
10,2,5,12,easy,AB,0.10643329,-0.38859012,A
10,2,6,13,easy,AB,0.30563604,0.19148143,A
10,2,7,14,easy,AB,0.31078265,0.41553257,A
10,2,11,15,easy,AB,0.19872051,0.38694225,B
10,2,20,16,easy,AB,0.10798975,0.22578794,B
10,2,2,17,easy,AB,-0.01402105,0.39533194,A
10,2,3,18,easy,AB,-0.10940685,0.35404504,A
10,2,15,19,easy,AB,-0.41850954,-0.43370493,B
10,3,18,1,easy,AB,-0.31089925,0.18728634,B
10,3,2,2,easy,AB,-0.30496583,0.36702608,A
10,3,11,3,easy,AB,-0.38058776,0.36878403,B
10,3,19,4,easy,AB,-0.20535761,0.3705538,B
10,3,1,5,easy,AB,0.09831794,0.39009139,A
10,3,6,6,easy,AB,0.19045924,0.40902653,A
10,3,13,7,easy,AB,-0.30254943,0.04713973,B
10,3,4,8,easy,AB,-0.18475706,0.01086276,A
10,3,3,9,easy,AB,-0.1058357,0.04946192,A
10,3,10,10,easy,AB,-0.01417291,0.16005954,A
10,3,8,11,easy,AB,0.21989728,0.2202725,A
10,3,12,12,easy,AB,-0.10424311,-0.20466286,B
10,3,15,13,easy,AB,-0.39909043,-0.16040467,B
10,3,16,14,easy,AB,-0.18056531,-0.3590468,B
10,3,20,15,easy,AB,0.00181681,-0.43620758,B
10,3,9,16,easy,AB,0.28080032,-0.43463125,A
10,3,5,17,easy,AB,0.18409673,-0.37081127,A
10,3,7,18,easy,AB,0.28222777,-0.24390179,A
10,3,14,19,easy,AB,0.11806197,-0.18873456,B
10,4,20,1,easy,AB,0.01675669,0.20501033,B
10,4,1,2,easy,AB,-0.09776054,0.16837881,A
10,4,7,3,easy,AB,0.00167825,0.02978085,A
10,4,18,4,easy,AB,0.10866636,-0.03052295,B
10,4,9,5,easy,AB,-0.01409552,-0.18916487,A
10,4,6,6,easy,AB,-0.2138054,-0.35741408,A
10,4,8,7,easy,AB,-0.3158285,-0.35797338,A
10,4,16,8,easy,AB,-0.41755454,-0.24184427,B
10,4,3,9,easy,AB,-0.11270523,-0.43959094,A
10,4,12,10,easy,AB,-0.00989176,-0.37160099,B
10,4,14,11,easy,AB,-0.10052479,-0.222805,B
10,4,17,12,easy,AB,0.11075182,-0.1629639,B
10,4,4,13,easy,AB,0.18949457,-0.44982665,A
10,4,2,14,easy,AB,0.31512668,-0.37365105,A
10,4,5,15,easy,AB,-0.28388553,0.44670515,A
10,4,19,16,easy,AB,-0.01705092,0.36769145,B
10,4,15,17,easy,AB,0.08324475,0.3602507,B
10,4,11,18,easy,AB,0.20833774,0.44519014,B
10,4,10,19,easy,AB,0.30400615,0.03154702,A
10,4,13,20,easy,AB,-0.40932959,0.2268186,B
10,5,17,1,easy,AB,-0.09417219,0.17612495,B
10,5,2,2,easy,AB,-0.41400639,0.35294268,A
10,5,3,3,easy,AB,-0.18286123,0.37819948,A
10,5,14,4,easy,AB,-0.11189838,0.40962584,B
10,5,18,5,easy,AB,0.09117701,0.44710949,B
10,5,12,6,easy,AB,0.21307957,0.40251801,B
10,5,9,7,easy,AB,0.19615708,0.18577428000000001,A
10,5,19,8,easy,AB,-0.11969956,0.01847378,B
10,5,4,9,easy,AB,-0.18567707,-0.03544545,A
10,5,20,10,easy,AB,-0.39663919,0.02505766,B
10,5,1,11,easy,AB,-0.31474979,-0.40926,A
10,5,13,12,easy,AB,-0.18409682,-0.43931494,B
10,5,11,13,easy,AB,0.29604804,-0.44019446,B
10,5,15,14,easy,AB,0.20987222,-0.15834363,B
10,5,7,15,easy,AB,0.29561426,-0.21064013,A
10,5,6,16,easy,AB,0.20632537,-0.35132698,A
10,5,10,17,easy,AB,0.09149412,-0.42050943,A
10,5,5,18,easy,AB,0.20124543,-0.01379589,A
10,1,3,1,easy,B,0.00552249,0.04008761,A
10,1,20,2,easy,B,-0.31252842,0.23729313,B
10,1,4,3,easy,B,0.1026561,0.01768497,A
10,1,2,4,easy,B,-0.200336,-0.16899808,A
10,1,11,5,easy,B,-0.10740721,-0.21916108,B
10,1,5,6,easy,B,0.01377323,-0.22828789,A
10,1,1,7,easy,B,-0.10424797,-0.41679354,A
10,1,18,8,easy,B,-0.30768299,-0.44524288,B
10,1,17,9,easy,B,-0.40319066,-0.38810246,B
10,1,19,10,easy,B,0.30695442,-0.04582844,B
10,1,16,11,easy,B,-0.21789925,0.37567334,B
10,1,6,12,easy,B,-0.30196908,0.35958747,B
10,1,8,13,easy,B,-0.28731797,0.03983471,B
10,1,13,14,easy,B,0.20061608,0.23384794,B
10,1,10,15,easy,B,0.29325459,0.24262689,B
10,1,15,16,easy,B,0.21046278,0.41281778,B
10,1,12,17,easy,B,0.11605672,0.41382774,B
10,2,16,1,easy,B,-0.09489909,0.37815199,B
10,2,3,2,easy,B,-0.00831139,0.36061524,A
10,2,13,3,easy,B,0.10837708,0.41819234,B
10,2,15,4,easy,B,-0.1934616,0.41010566,B
10,2,4,5,easy,B,-0.19007769,0.16306449,A
10,2,5,6,easy,B,-0.29525193,-0.2314058,A
10,2,19,7,easy,B,-0.38317006,-0.38714462,B
10,2,18,8,easy,B,-0.29234256,-0.43927738,B
10,2,17,9,easy,B,-0.2070538,-0.36111046,B
10,2,9,10,easy,B,-0.08263989,-0.20458547,B
10,2,11,11,easy,B,-0.08275436,-0.42548835,B
10,2,10,12,easy,B,-0.00514374,-0.42963237,B
10,2,1,13,easy,B,0.09735893,-0.19281582,A
10,2,2,14,easy,B,0.19729071,-0.17600772,A
10,2,7,15,easy,B,0.31618559,-0.44314616,B
10,2,14,16,easy,B,0.09261305,0.17064918,B
10,3,1,1,easy,B,-0.21847386,0.36806128,A
10,3,5,2,easy,B,-0.30587532,0.36417886,A
10,3,2,3,easy,B,-0.00445501,0.36799586,A
10,3,16,4,easy,B,0.08666764,0.3831923,B
10,3,19,5,easy,B,-0.08277752,0.41875019,B
10,3,18,6,easy,B,-0.39204443,0.23676569,B
10,3,13,7,easy,B,0.00514637,0.19545959,B
10,3,17,8,easy,B,0.19714501,0.22398381,B
10,3,11,9,easy,B,0.30542014,0.35298125,B
10,3,3,10,easy,B,0.19417171,-0.16872994,A
10,3,4,11,easy,B,0.31211282,-0.42615309,A
10,3,7,12,easy,B,0.09702916,-0.20320241,B
10,3,9,13,easy,B,-0.09620072,-0.18766111,B
10,3,14,14,easy,B,-0.19479061,-0.18666637,B
10,3,15,15,easy,B,-0.11867935,-0.36839322,B
10,3,6,16,easy,B,-0.29516637,-0.3666106,B
10,3,20,17,easy,B,-0.3905483,-0.35820381,B
10,3,10,18,easy,B,-0.18844357,0.04129647,B
10,4,11,1,easy,B,-0.19709676,0.24374466,B
10,4,5,2,easy,B,-0.21979776,0.42028189,A
10,4,18,3,easy,B,-0.28489361,0.23027198,B
10,4,4,4,easy,B,-0.28671793,-0.18499146,A
10,4,16,5,easy,B,-0.41346115,-0.24790235,B
10,4,2,6,easy,B,0.10882444,0.00798379,A
10,4,19,7,easy,B,-0.0042651,-0.03545009,B
10,4,9,8,easy,B,-0.08376491,-0.21823725,B
10,4,1,9,easy,B,0.18063186,-0.22388554,A
10,4,3,10,easy,B,0.29438339,0.02942637,A
10,4,6,11,easy,B,0.29319007,-0.17970212,B
10,4,14,12,easy,B,0.20184458,0.2154432,B
10,4,20,13,easy,B,0.09156098,0.39019896,B
10,4,13,14,easy,B,0.01632432,0.42724187,B
10,4,12,15,easy,B,-0.2999335,0.42252696,B
10,4,7,16,easy,B,-0.28823405,-0.38492931,B
10,4,17,17,easy,B,-0.20603953,-0.41008939,B
10,4,10,18,easy,B,-0.09232015,-0.43111861,B
10,4,8,19,easy,B,0.00818945,-0.44007442,B
10,5,3,1,easy,B,-0.29366443,-0.2456923,A
10,5,9,2,easy,B,-0.41047201,-0.18964636000000001,B
10,5,5,3,easy,B,-0.18768116,-0.20691002,A
10,5,18,4,easy,B,-0.08899557,-0.2199377,B
10,5,7,5,easy,B,0.00870557,-0.18879787,B
10,5,2,6,easy,B,-0.11978819,-0.03017404,A
10,5,14,7,easy,B,-0.20921863,0.03410564,B
10,5,4,8,easy,B,0.30754529,-0.17316393,A
10,5,16,9,easy,B,0.19559715,-0.03398273,B
10,5,20,10,easy,B,0.30326379999999997,0.04603274,B
10,5,15,11,easy,B,0.31074191,0.19961927,B
10,5,1,12,easy,B,0.21903239,0.41159182,A
10,5,12,13,easy,B,-0.19763185,0.23043135,B
10,5,13,14,easy,B,-0.11224666,0.22769624,B
10,5,10,15,easy,B,-0.11877864,0.40031155,B
10,5,17,16,easy,B,-0.38788047,0.15977178,B
10,5,6,17,easy,B,-0.41346392,-0.00323163,B
10,5,11,18,easy,B,-0.40552293,-0.44904811,B
10,1,19,1,hard,A,0.08177868,0.3968134,B
10,1,17,2,hard,A,-0.21808099,0.03934785,B
10,1,16,3,hard,A,0.19158049,0.2364417,B
10,1,11,4,hard,A,0.01598135,0.16223576,A
10,1,18,5,hard,A,0.10865639,-0.15668407,B
10,1,20,6,hard,A,-0.19032866,-0.36939569,B
10,1,13,7,hard,A,-0.38330621,-0.39287189,A
10,1,10,8,hard,A,-0.39510913,0.02529298,A
10,1,2,9,hard,A,-0.39100118,0.18925501,A
10,1,9,10,hard,A,-0.28515507,0.40158117,A
10,1,7,11,hard,A,0.00406769,0.41365487,A
10,1,12,12,hard,A,0.18074933,0.3869964,A
10,1,14,13,hard,A,0.31611904,0.42035767,A
10,1,4,14,hard,A,0.31505332,0.00293223,A
10,1,3,15,hard,A,0.19474202,0.01959974,A
10,2,19,1,hard,A,0.01946081,-0.00794779,B
10,2,20,2,hard,A,-0.38693794,0.24886586,B
10,2,17,3,hard,A,-0.18029446,0.23135328,B
10,2,4,4,hard,A,-0.0083908,0.17932683,A
10,2,16,5,hard,A,0.18628011,-0.24274792,B
10,2,18,6,hard,A,0.0943728,-0.36255928,B
10,2,1,7,hard,A,0.30427393,-0.21619138,A
10,2,13,8,hard,A,0.0134362,-0.15315397,A
10,2,6,9,hard,A,-0.31158349,-0.20856422,A
10,2,9,10,hard,A,-0.10817408,0.35521302,A
10,2,7,11,hard,A,0.18900374,0.43153981,A
10,2,8,12,hard,A,-0.18130848,0.41755783,A
10,2,14,13,hard,A,-0.29739827,-0.36196363,A
10,3,17,1,hard,A,0.29058523000000003,0.01981487,B
10,3,19,2,hard,A,0.30731712,-0.15267428,B
10,3,20,3,hard,A,0.101114,0.18694895,B
10,3,2,4,hard,A,-0.21202676,-0.02347141,A
10,3,1,5,hard,A,0.01742756,-0.19291024,A
10,3,15,6,hard,A,0.09447733,-0.21425936,A
10,3,5,7,hard,A,0.08364555,-0.02062976,A
10,3,16,8,hard,A,-0.00457513,0.43484322,B
10,3,6,9,hard,A,0.09291082,0.35485016,A
10,3,11,10,hard,A,0.20711084,0.2344186,A
10,3,8,11,hard,A,0.30796508,0.38266632,A
10,3,18,12,hard,A,0.20405561,-0.43857612,B
10,3,7,13,hard,A,0.09063672,-0.39351009,A
10,3,12,14,hard,A,-0.00344377,-0.39618654,A
10,3,14,15,hard,A,-0.18280759,-0.36100901,A
10,3,13,16,hard,A,-0.28088404,-0.40196217,A
10,3,3,17,hard,A,-0.28909178,-0.22314329,A
10,3,10,18,hard,A,-0.29126429,0.00922369,A
10,4,18,1,hard,A,-0.10479139,0.19883655,B
10,4,19,2,hard,A,0.01933462,-0.00244426,B
10,4,16,3,hard,A,0.31974134,0.3871648,B
10,4,20,4,hard,A,0.08927507,-0.16770672,B
10,4,17,5,hard,A,-0.40181112,-0.39939654,B
10,4,9,6,hard,A,-0.09215524,-0.37217967,A
10,4,7,7,hard,A,-0.28907863,-0.2079262,A
10,4,13,8,hard,A,-0.10077148,-0.01194902,A
10,4,4,9,hard,A,-0.08302274,-0.22010006,A
10,4,12,10,hard,A,0.01684747,-0.40142826,A
10,4,8,11,hard,A,0.28926424,-0.36517981,A
10,4,15,12,hard,A,0.30332356,-0.21884685,A
10,4,1,13,hard,A,0.21614104,0.38279695,A
10,4,11,14,hard,A,0.11365411,0.44946255,A
10,4,10,15,hard,A,0.09751042,0.23673353,A
10,4,3,16,hard,A,0.31252085,0.24744172,A
10,4,5,17,hard,A,-0.10147529,0.36579928,A
10,5,19,1,hard,A,0.00661592,-0.17228519,B
10,5,18,2,hard,A,-0.21731973,-0.42710878,B
10,5,20,3,hard,A,-0.38494411,-0.39781099,B
10,5,17,4,hard,A,-0.28234505,0.2068917,B
10,5,16,5,hard,A,0.30575062,0.42569435,B
10,5,1,6,hard,A,0.10348232,0.41644766,A
10,5,11,7,hard,A,-0.01328473,0.37795145,A
10,5,3,8,hard,A,0.01541075,0.18123062,A
10,5,6,9,hard,A,-0.20033689,0.44834382,A
10,5,4,10,hard,A,-0.4017558,0.21433052,A
10,5,8,11,hard,A,-0.39064352,0.3956655,A
10,5,9,12,hard,A,-0.38833006,-6.7321e-4,A
10,5,2,13,hard,A,-0.30348287,-0.21431528,A
10,5,7,14,hard,A,0.10562689,-0.22102245,A
10,5,13,15,hard,A,0.21258444,-0.17464392,A
10,5,12,16,hard,A,0.29294398,-0.21323563,A
10,5,5,17,hard,A,0.3171741,-0.35048233,A
10,1,19,1,hard,AB,0.01927565,0.37424804,B
10,1,14,2,hard,AB,0.11874591,0.43052318,B
10,1,11,3,hard,AB,-0.30493539,0.0445952,B
10,1,13,4,hard,AB,-0.09055691,-0.04943646,B
10,1,6,5,hard,AB,-0.21211226,-0.02122277,A
10,1,2,6,hard,AB,-0.19397277,-0.19118136,A
10,1,12,7,hard,AB,-0.08426257,-0.16578328,B
10,1,15,8,hard,AB,-0.30131756,-0.24133005,B
10,1,18,9,hard,AB,-0.38144511,-0.20594513,B
10,1,17,10,hard,AB,-0.40251415,-0.40543071,B
10,1,16,11,hard,AB,-0.019082,-0.35198806,B
10,1,20,12,hard,AB,0.09809138,-0.20755527,B
10,1,1,13,hard,AB,0.18292656,-0.40980261,A
10,1,4,14,hard,AB,-0.10157093,0.38061104,A
10,1,7,15,hard,AB,-0.20519182,0.40372597,A
10,1,10,16,hard,AB,-0.41396121,0.43128258,A
10,2,19,1,hard,AB,-0.11951655,0.42893459,B
10,2,16,2,hard,AB,0.10184898,0.41140941,B
10,2,11,3,hard,AB,0.28304206,0.37697843,B
10,2,13,4,hard,AB,0.00521165,0.19789319,B
10,2,2,5,hard,AB,0.00608422,0.3959474,A
10,2,1,6,hard,AB,-0.21924308,0.42619321,A
10,2,5,7,hard,AB,-0.29295196,0.38075743,A
10,2,18,8,hard,AB,-0.40946138,0.16035071,B
10,2,10,9,hard,AB,-0.21854508,-0.02923025,A
10,2,9,10,hard,AB,-0.11179098,-0.15173717,A
10,2,7,11,hard,AB,0.08163634,-0.20397069,A
10,2,14,12,hard,AB,-0.19661549,-0.24757422,B
10,2,20,13,hard,AB,-0.38343025,-0.35094088,B
10,2,15,14,hard,AB,-0.08542305,-0.39309825,B
10,2,12,15,hard,AB,-0.01508899,0.01445149,B
10,2,17,16,hard,AB,0.21371958,0.20287547,B
10,2,8,17,hard,AB,0.31931752,0.03429009,A
10,3,9,1,hard,AB,-0.1077237,-0.18927048,A
10,3,16,2,hard,AB,-0.4171658,-0.18961454,B
10,3,4,3,hard,AB,-0.2980211,-0.18932813,A
10,3,19,4,hard,AB,0.00387711,0.00186246,B
10,3,11,5,hard,AB,-0.20822678,0.19377208,B
10,3,18,6,hard,AB,-0.30015724,0.2306598,B
10,3,12,7,hard,AB,-0.30339442,0.39602519,B
10,3,13,8,hard,AB,0.00124602,0.43542395,B
10,3,20,9,hard,AB,0.08757347,0.35716991,B
10,3,14,10,hard,AB,0.20096111,0.24499783,B
10,3,5,11,hard,AB,-0.21594931,0.41131322,A
10,3,2,12,hard,AB,0.1098971,0.04666884,A
10,3,3,13,hard,AB,0.28648664,0.00789314,A
10,3,17,14,hard,AB,-0.19792318,-0.38143483,B
10,3,10,15,hard,AB,-0.08851813,-0.39004589,A
10,3,7,16,hard,AB,-0.31702953,-0.3842332,A
10,3,8,17,hard,AB,0.01562153,-0.40913366,A
10,3,15,18,hard,AB,0.19077905,-0.40191192,B
10,3,1,19,hard,AB,0.18909212,-0.21637799,A
10,3,6,20,hard,AB,0.29994057,-0.21078659,A
10,4,17,1,hard,AB,-0.31504472,0.24939558,B
10,4,11,2,hard,AB,0.00940817,0.39697605,B
10,4,16,3,hard,AB,0.28219596,0.36983667,B
10,4,1,4,hard,AB,0.10841236,0.39568022,A
10,4,6,5,hard,AB,-0.1844108,0.4377971,A
10,4,8,6,hard,AB,-0.40906049,0.38693898,A
10,4,4,7,hard,AB,-0.40334068,0.19092466,A
10,4,3,8,hard,AB,0.00368025,0.24217669,A
10,4,20,9,hard,AB,-0.40804909,-0.41793434,B
10,4,14,10,hard,AB,-0.21576099,-0.20317642,B
10,4,2,11,hard,AB,-0.28802333,-0.16187061,A
10,4,9,12,hard,AB,-0.41862866,0.00139527,A
10,4,15,13,hard,AB,-0.09131841,-0.42896838,B
10,4,10,14,hard,AB,-0.01005479,-0.39891361,A
10,4,19,15,hard,AB,0.00455474,-0.19337102,B
10,4,7,16,hard,AB,0.11927136,-0.1856284,A
10,5,17,1,hard,AB,-0.20285668,0.19902964,B
10,5,15,2,hard,AB,-0.38331552,0.36748374,B
10,5,20,3,hard,AB,-0.39894783,0.22568013,B
10,5,19,4,hard,AB,-0.01395301,-0.0028394,B
10,5,3,5,hard,AB,0.18959801,0.04585634,A
10,5,10,6,hard,AB,0.18025807,0.18830719,A
10,5,1,7,hard,AB,0.29099969999999997,-0.18692842,A
10,5,16,8,hard,AB,0.19179049,-0.24043797,B
10,5,13,9,hard,AB,-0.00264372,-0.23680841,B
10,5,6,10,hard,AB,-0.30209317,-0.15280778,A
10,5,5,11,hard,AB,-0.21661012,-0.43699239,A
10,5,11,12,hard,AB,-0.09858103,-0.43282892,B
10,5,14,13,hard,AB,-0.30660073,-0.42914846,B
10,5,18,14,hard,AB,0.11242922,-0.43340971,B
10,5,9,15,hard,AB,-0.11843778,0.38941956,A
10,5,8,16,hard,AB,-0.19813175,0.40951822,A
10,5,4,17,hard,AB,-0.00762721,0.24121221,A
10,5,7,18,hard,AB,0.20906627,0.40623332,A
10,5,2,19,hard,AB,-0.39621448,0.02121045,A
10,1,13,1,hard,B,0.18792083,0.24052659,B
10,1,10,2,hard,B,0.30398719,0.24110346,B
10,1,19,3,hard,B,0.30106673,0.04870886,B
10,1,15,4,hard,B,0.2038741,0.36415301,B
10,1,12,5,hard,B,0.08356067,0.42725037,B
10,1,7,6,hard,B,-0.10243562,0.4191026,B
10,1,16,7,hard,B,-0.21823784,0.35997254,B
10,1,6,8,hard,B,-0.29855703,0.37059372,B
10,1,2,9,hard,B,-0.18573206,-0.15560367,A
10,1,8,10,hard,B,-0.28663686,-0.02037778,B
10,1,9,11,hard,B,-0.31969722,-0.20149235,B
10,1,11,12,hard,B,-0.08138711,-0.21078027,B
10,1,5,13,hard,B,0.01970617,-0.24898944,A
10,1,14,14,hard,B,0.18207844,-0.22437801,B
10,1,18,15,hard,B,-0.29174071,-0.38768527,B
10,1,17,16,hard,B,-0.40251083,-0.44810571,B
10,1,1,17,hard,B,-0.10889297,-0.3986761,A
10,1,3,18,hard,B,-0.0168764,4.4626e-4,A
10,1,4,19,hard,B,0.10452917,0.020101,A
10,2,13,1,hard,B,-0.39161044,0.17233371,B
10,2,20,2,hard,B,-0.00180666,0.24357372,B
10,2,1,3,hard,B,-0.1094393,0.16846721,A
10,2,5,4,hard,B,-0.29382526,0.38699878,A
10,2,16,5,hard,B,-0.38125997,-0.16403995,B
10,2,17,6,hard,B,0.08137064,-0.15054377,B
10,2,18,7,hard,B,0.09040379,-0.02937017,B
10,2,9,8,hard,B,0.00379853,-0.23805433,B
10,2,12,9,hard,B,0.01760742,-0.35895474,B
10,2,3,10,hard,B,-0.09108579,-0.36410505,A
10,2,4,11,hard,B,0.21911729,-0.42099907,A
10,2,2,12,hard,B,0.28445363,-0.41201834,A
10,2,6,13,hard,B,-0.20825381,-0.40660328,B
10,2,8,14,hard,B,-0.29932749,-0.43106178,B
10,2,10,15,hard,B,0.30523082,-0.02189954,B
10,3,10,1,hard,B,-0.31266058,0.01426435,B
10,3,16,2,hard,B,-0.01174556,0.42135989,B
10,3,6,3,hard,B,0.11518876,0.44384189,B
10,3,8,4,hard,B,0.28391867,0.44012365,B
10,3,2,5,hard,B,-0.20170461,0.04732109,A
10,3,20,6,hard,B,0.11256168,0.17376604,B
10,3,11,7,hard,B,0.18035418,0.20149761,B
10,3,5,8,hard,B,0.10260795,0.01857576,A
10,3,17,9,hard,B,0.28252391,0.037200950000000003,B
10,3,19,10,hard,B,0.28129944,-0.21453669,B
10,3,3,11,hard,B,-0.30497675,-0.16649381,A
10,3,1,12,hard,B,0.00142569,-0.15724925,A
10,3,7,13,hard,B,0.08063418,-0.35274387,B
10,3,12,14,hard,B,0.00134458,-0.40949019,B
10,3,14,15,hard,B,-0.21171651,-0.41694622,B
10,3,13,16,hard,B,-0.29713829,-0.43914208,B
10,3,18,17,hard,B,0.19243241,-0.40388092,B
10,4,13,1,hard,B,-0.01064279,-0.04966077,B
10,4,17,2,hard,B,-0.21709686,-0.04767941,B
10,4,16,3,hard,B,-0.41957085,-0.01837836,B
10,4,3,4,hard,B,-0.00769101,0.35491984,A
10,4,1,5,hard,B,0.08823301,0.436098,A
10,4,8,6,hard,B,-0.20594349,0.22257746,B
10,4,10,7,hard,B,-0.28626523,0.21423273,B
10,4,12,8,hard,B,0.30042631,0.43735096,B
10,4,15,9,hard,B,0.1858914,-0.19273344,B
10,4,4,10,hard,B,0.30083385,0.00734143,A
10,4,5,11,hard,B,0.20692531,0.18420465,A
10,4,7,12,hard,B,-0.08284199,-0.2309745,B
10,4,19,13,hard,B,-0.1892362,-0.2309848,B
10,4,14,14,hard,B,-0.2808928,-0.22163992,B
10,4,20,15,hard,B,-0.31367406,-0.39949144,B
10,4,6,16,hard,B,-0.20236184,-0.44288261,B
10,4,18,17,hard,B,0.0084022,-0.41841098,B
10,4,11,18,hard,B,0.18995136,-0.36609771,B
10,4,2,19,hard,B,-0.09252183,-0.43289257,A
10,5,2,1,hard,B,0.11003935,-0.00426683,A
10,5,11,2,hard,B,-0.18009979,0.16178438,B
10,5,18,3,hard,B,-0.2870073,0.16024764,B
10,5,12,4,hard,B,-0.29807758,0.38915661,B
10,5,5,5,hard,B,-0.19605111,0.40496996,A
10,5,19,6,hard,B,0.01135937,0.02910324,B
10,5,13,7,hard,B,0.00508616,0.4240465,B
10,5,20,8,hard,B,0.09736994,0.39888228,B
10,5,4,9,hard,B,-0.28603759,-0.18803784,A
10,5,1,10,hard,B,0.21869592,-0.21444887,A
10,5,3,11,hard,B,0.2820016,0.01638179,A
10,5,8,12,hard,B,-0.01412081,-0.37790858,B
10,5,10,13,hard,B,-0.10405865,-0.37300543,B
10,5,17,14,hard,B,-0.2005749,-0.44467208,B
10,5,7,15,hard,B,-0.30195799,-0.41137243,B
10,5,16,16,hard,B,-0.39639598,-0.17516024,B
10,5,15,17,hard,B,0.18387178,-0.35957164,B
10,5,6,18,hard,B,0.31669136,-0.21814994,B
10,5,14,19,hard,B,0.21355228,0.15528519,B
