trialNo,p1_x,p1_y,p2_x,p2_y,p3_x,p3_y,p4_x,p4_y,p5_x,p5_y,p6_x,p6_y,p7_x,p7_y,p8_x,p8_y,p9_x,p9_y,p10_x,p10_y,p11_x,p11_y,p12_x,p12_y,p13_x,p13_y,p14_x,p14_y,p15_x,p15_y,p16_x,p16_y,p17_x,p17_y,p18_x,p18_y,p19_x,p19_y,p20_x,p20_y,p21_x,p21_y,p22_x,p22_y,p23_x,p23_y,p24_x,p24_y,p25_x,p25_y,p26_x,p26_y,p27_x,p27_y,p28_x,p28_y,p29_x,p29_y,p30_x,p30_y,p31_x,p31_y,p32_x,p32_y,p33_x,p33_y,p34_x,p34_y,p35_x,p35_y,p36_x,p36_y,p37_x,p37_y,p38_x,p38_y,p39_x,p39_y,p40_x,p40_y,trials.thisRepN,trials.thisTrialN,trials.thisN,trials.thisIndex,text.started,mouse_2.started,mouse_2.x,mouse_2.y,mouse_2.leftButton,mouse_2.midButton,mouse_2.rightButton,mouse_2.time,polygon.started,polygon_2.started,polygon_3.started,polygon_4.started,polygon_5.started,polygon_6.started,polygon_7.started,polygon_8.started,polygon_9.started,polygon_10.started,polygon_11.started,polygon_12.started,polygon_13.started,polygon_14.started,polygon_15.started,polygon_16.started,polygon_17.started,polygon_18.started,polygon_19.started,polygon_20.started,polygon_21.started,polygon_22.started,polygon_23.started,polygon_24.started,polygon_25.started,polygon_26.started,polygon_27.started,polygon_28.started,polygon_29.started,polygon_30.started,polygon_31.started,polygon_32.started,polygon_33.started,polygon_34.started,polygon_35.started,polygon_36.started,polygon_37.started,polygon_38.started,polygon_39.started,polygon_40.started,mouse.started,points_text.started,key_resp.started,p1,p2,p3,p4,p5,p6,p7,p8,p9,p10,p11,p12,p13,p14,p15,p16,p17,p18,p19,p20,p21,p22,p23,p24,p25,p26,p27,p28,p29,p30,p31,p32,p33,p34,p35,p36,p37,p38,p39,p40,mouse.x,mouse.y,mouse.leftButton,mouse.midButton,mouse.rightButton,mouse.time,mouse.clicked_name,key_resp.keys,participant,date,expName,psychopyVersion,frameRate,
,,,,,,,,,,,,,,,,,,,,,,,,,,,,,,,,,,,,,,,,,,,,,,,,,,,,,,,,,,,,,,,,,,,,,,,,,,,,,,,,,,,,,13.55627609998919,2.9299873858690262e-05,[-0.09606481481481481],[0.1840277777777778],[1],[0],[0],[3.28139300015755],,,,,,,,,,,,,,,,,,,,,,,,,,,,,,,,,,,,,,,,,,,,,,,,,,,,,,,,,,,,,,,,,,,,,,,,,,,,,,,,,,,,,,,,,,,,82,2023-02-16_17h20.06.325,foraging_expt_polygons_hard_A,2022.2.5,60.68539291328812,
15,0.1,-0.2,0.2,-0.2,0,0.4,-0.2,0.2,-0.3,-0.2,-0.3,0,0.3,-0.4,0.3,0.2,-0.1,-0.2,0,-0.4,-0.1,-0.4,0.3,0,0.1,0.4,0.1,0.2,-0.2,0.4,-0.1,0.4,-0.2,-0.4,-0.3,-0.4,-0.4,-0.4,0.1,0,0.3,-0.2,0.1,-0.4,-0.4,0,-0.2,0,0.2,0.4,-0.4,0.2,-0.1,0.2,0.2,-0.4,-0.3,0.2,0.3,0.4,-0.1,0,0.2,0.2,-0.4,-0.2,0,0.2,0,0,0,-0.2,0.2,0,-0.2,-0.2,-0.4,0.4,-0.3,0.4,0,0,0,14,,,,,,,,,16.98174330010079,16.98174330010079,16.98174330010079,16.98174330010079,16.98174330010079,16.98174330010079,16.98174330010079,16.98174330010079,16.98174330010079,16.98174330010079,16.98174330010079,16.98174330010079,16.98174330010079,16.98174330010079,16.98174330010079,16.98174330010079,16.98174330010079,16.98174330010079,16.98174330010079,16.98174330010079,16.98174330010079,16.98174330010079,16.98174330010079,16.98174330010079,16.98174330010079,16.98174330010079,16.98174330010079,16.98174330010079,16.98174330010079,16.98174330010079,16.98174330010079,16.98174330010079,16.98174330010079,16.98174330010079,16.98174330010079,16.98174330010079,16.98174330010079,16.98174330010079,16.98174330010079,16.98174330010079,0.10882579977624118,16.98174330010079,16.98174330010079,[ 0.11097438 -0.22835218],[ 0.19936673 -0.19129299],[-0.01161574  0.42021975],[-0.19170731  0.20384291],[-0.28534197 -0.20783417],[-0.29767433  0.03245483],[ 0.30243576 -0.3803681 ],[0.31382548 0.15974401],[-0.09708429 -0.20237335],[-0.01106942 -0.44601645],[-0.08767859 -0.4060456 ],[0.28623089 0.02080896],[0.10360469 0.39555094],[0.11415238 0.2040362 ],[-0.18836505  0.4181967 ],[-0.11250269  0.3892794 ],[-0.19479231 -0.37099677],[-0.28785514 -0.35298118],[-0.4065439 -0.3709205],[0.10716371 0.00111996],[ 0.28879463 -0.22883086],[ 0.08410741 -0.37698571],[-0.3974085  -0.00104295],[-0.19791423 -0.03604805],[0.21804135 0.44573507],[-0.41538315  0.17138054],[-0.10604268  0.24521583],[ 0.21304028 -0.41491965],[-0.29409988  0.23421565],[0.30426662 0.37853047],[-0.11424819  0.03514956],[0.20032482 0.17179049],[-0.41518887 -0.22384918],[-0.00646235  0.20781555],[-0.00573871  0.04918766],[-0.00132085 -0.17113164],[0.21603514 0.00365427],[-0.21473111 -0.22066952],[-0.38932946  0.43909558],[-0.29090316  0.36693304],"[-0.017361111111111112, 0.09722222222222222, -0.10069444444444445]","[0.41898148148148145, 0.40625, 0.2465277777777778]","[1, 1, 1]","[0, 0, 0]","[0, 0, 0]","[2.093680400168523, 2.716783900046721, 3.8285747000481933]","['polygon_3', 'polygon_13', 'polygon_27']",None,82,2023-02-16_17h20.06.325,foraging_expt_polygons_hard_A,2022.2.5,60.68539291328812,
34,-0.4,0,-0.3,-0.2,0.1,-0.4,-0.2,-0.4,-0.1,-0.4,0.3,0,-0.4,-0.2,0.1,0,0.1,0.4,0,0.4,0.2,-0.2,-0.1,0.2,0.3,-0.2,0.1,0.2,-0.1,0.4,0.3,0.4,0.2,0.2,-0.1,-0.2,0.2,0.4,-0.3,0.2,-0.2,0,-0.3,0.4,-0.2,-0.2,0.3,-0.4,-0.2,0.2,-0.4,0.2,0,-0.4,0,0,-0.1,0,-0.4,0.4,0.2,-0.4,-0.2,0.4,0.2,0,0,0.2,0.1,-0.2,0,-0.2,-0.3,-0.4,-0.4,-0.4,0.3,0.2,-0.3,0,0,1,1,33,,,,,,,,,20.83003280009143,20.83003280009143,20.83003280009143,20.83003280009143,20.83003280009143,20.83003280009143,20.83003280009143,20.83003280009143,20.83003280009143,20.83003280009143,20.83003280009143,20.83003280009143,20.83003280009143,20.83003280009143,20.83003280009143,20.83003280009143,20.83003280009143,20.83003280009143,20.83003280009143,20.83003280009143,20.83003280009143,20.83003280009143,20.83003280009143,20.83003280009143,20.83003280009143,20.83003280009143,20.83003280009143,20.83003280009143,20.83003280009143,20.83003280009143,20.83003280009143,20.83003280009143,20.83003280009143,20.83003280009143,20.83003280009143,20.83003280009143,20.83003280009143,20.83003280009143,20.83003280009143,20.83003280009143,0.021575599908828735,20.83003280009143,20.83003280009143,[-0.38400994  0.02417412],[-0.29977612 -0.18228109],[ 0.1133067  -0.41490797],[-0.20666791 -0.40846232],[-0.09862301 -0.36579848],[0.29074076 0.01627562],[-0.3969048  -0.18360685],[ 0.10189969 -0.02292212],[0.10941537 0.41020333],[0.0048154  0.41224291],[ 0.19613754 -0.23996851],[-0.0880095   0.20675157],[ 0.30286063 -0.20518905],[0.11284953 0.17139338],[-0.08440114  0.44062715],[0.28946143 0.39570244],[0.20272018 0.2499409 ],[-0.09945384 -0.24150774],[0.21525942 0.37680898],[-0.28837405  0.17647761],[-0.18013404  0.04123623],[-0.3154715   0.42517168],[-0.19993879 -0.16416292],[ 0.29763547 -0.4152368 ],[-0.19871383  0.23923744],[-0.40220036  0.18551893],[-0.01157853 -0.4400693 ],[-0.01542469 -0.02404326],[-0.10518376 -0.03737264],[-0.39617969  0.42554815],[ 0.1934696  -0.39323327],[-0.20940557  0.37458882],[0.20947156 0.04329981],[-0.00156172  0.19404621],[ 0.09436767 -0.17283539],[ 0.01120107 -0.1770345 ],[-0.29922946 -0.41568365],[-0.40706608 -0.43570073],[0.29772591 0.22031478],[-0.29974441  0.04592619],"[-0.3923611111111111, -0.06365740740740741, -0.08680555555555555, 0.11805555555555555, -0.3819444444444444, -0.2152777777777778, 0.10300925925925926, 0.29282407407407407, 0.2835648148148148, 0.3055555555555556, 0.1909722222222222, 0.10300925925925926, -0.1099537037037037, -0.0763888888888889, 0.10532407407407407, 0.008101851851851851]","[0.03356481481481482, 0.20717592592592593, 0.21180555555555555, 0.16435185185185186, -0.18287037037037038, -0.4039351851851852, -0.016203703703703703, 0.034722222222222224, 0.008101851851851851, -0.21064814814814814, -0.2534722222222222, -0.4224537037037037, -0.36689814814814814, 0.4479166666666667, 0.4131944444444444, 0.4166666666666667]","[1, 1, 1, 1, 1, 1, 1, 1, 1, 1, 1, 1, 1, 1, 1, 1]","[0, 0, 0, 0, 0, 0, 0, 0, 0, 0, 0, 0, 0, 0, 0, 0]","[0, 0, 0, 0, 0, 0, 0, 0, 0, 0, 0, 0, 0, 0, 0, 0]","[3.1371110999025404, 4.387687999987975, 4.722962599946186, 5.537920600036159, 7.370584100019187, 9.42191329994239, 10.727401599986479, 11.77857659989968, 12.630336799891666, 13.181461500003934, 13.88112899987027, 14.448679700028151, 15.099652800010517, 17.916885499842465, 18.53733449988067, 19.00393579993397]","['polygon', 'polygon_12', 'polygon_14', 'polygon_7', 'polygon_4', 'polygon_8', 'polygon_6', 'polygon_13', 'polygon_11', 'polygon_3', 'polygon_5', 'polygon_15', 'polygon_9', 'polygon_10']",None,82,2023-02-16_17h20.06.325,foraging_expt_polygons_hard_A,2022.2.5,60.68539291328812,
22,0.1,0.2,0,-0.4,0.2,-0.4,0,0.2,-0.4,-0.4,0.3,0.4,-0.1,0.2,-0.1,0,-0.3,0.2,-0.2,0.4,-0.4,0.2,0.3,0,0.2,0.2,-0.1,-0.4,-0.2,-0.2,0.3,-0.2,0.2,0.4,0.1,-0.4,-0.3,0,0,-0.2,-0.3,0.4,0.2,-0.2,-0.3,-0.2,0.1,0.4,0.3,0.2,0.2,0,-0.1,-0.2,-0.2,-0.4,-0.4,-0.2,-0.3,-0.4,-0.4,0.4,-0.2,0.2,0.3,-0.4,0.1,0,0,0.4,-0.4,0,0,0,-0.1,0.4,0.1,-0.2,-0.2,0,0,2,2,21,,,,,,,,,40.860920700011775,40.860920700011775,40.860920700011775,40.860920700011775,40.860920700011775,40.860920700011775,40.860920700011775,40.860920700011775,40.860920700011775,40.860920700011775,40.860920700011775,40.860920700011775,40.860920700011775,40.860920700011775,40.860920700011775,40.860920700011775,40.860920700011775,40.860920700011775,40.860920700011775,40.860920700011775,40.860920700011775,40.860920700011775,40.860920700011775,40.860920700011775,40.860920700011775,40.860920700011775,40.860920700011775,40.860920700011775,40.860920700011775,40.860920700011775,40.860920700011775,40.860920700011775,40.860920700011775,40.860920700011775,40.860920700011775,40.860920700011775,40.860920700011775,40.860920700011775,40.860920700011775,40.860920700011775,0.04836939997039735,40.860920700011775,40.860920700011775,[0.08372824 0.23312269],[ 0.00871356 -0.36309839],[ 0.1915584  -0.37715124],[0.0010412  0.21569693],[-0.39145183 -0.42432302],[0.291728   0.38577233],[-0.10050936  0.2223703 ],[-0.10042832  0.0076703 ],[-0.3087145   0.15969371],[-0.20676766  0.42091793],[-0.38474168  0.20133402],[ 0.30754128 -0.00503792],[0.1805793  0.15731329],[-0.08350938 -0.36180997],[-0.21055439 -0.19063442],[ 0.31091917 -0.22817339],[0.21968802 0.35187163],[ 0.09267035 -0.44075437],[-0.28576899 -0.03928464],[ 0.0015185  -0.15693934],[-0.31790924  0.39545182],[ 0.19673008 -0.24547794],[-0.28310676 -0.16755406],[0.08628326 0.37545243],[0.29720994 0.22537567],[0.21381537 0.02335664],[-0.10918926 -0.15827404],[-0.19815689 -0.41472699],[-0.40866345 -0.21821342],[-0.30764015 -0.43887983],[-0.39759246  0.44863707],[-0.19602878  0.21682273],[ 0.29931184 -0.38203226],[0.10362501 0.02449037],[0.00816412 0.3681977 ],[-0.38975465 -0.02196532],[-0.01075249  0.00470911],[-0.08151603  0.40203311],[ 0.08595672 -0.15165159],[-0.20953964  0.03185871],"[0.2962962962962963, -0.2175925925925926, -0.3923611111111111, -0.3854166666666667, 0.3125, 0.1724537037037037, 0.3287037037037037, 0.08101851851851852, -0.10648148148148148, -0.11921296296296297, -0.10416666666666667, 0.3055555555555556, 0.21064814814814814]","[0.3773148148148148, 0.42592592592592593, 0.20601851851851852, -0.4340277777777778, -0.21643518518518517, 0.16319444444444445, -0.011574074074074073, 0.22337962962962962, 0.21296296296296297, 0.003472222222222222, 0.01273148148148148, 0.006944444444444444, 0.33796296296296297]","[1, 1, 1, 1, 1, 1, 1, 1, 1, 1, 1, 1, 1]","[0, 0, 0, 0, 0, 0, 0, 0, 0, 0, 0, 0, 0]","[0, 0, 0, 0, 0, 0, 0, 0, 0, 0, 0, 0, 0]","[1.8549172000493854, 2.80475140013732, 3.947202500188723, 5.7329533000011, 8.19426770019345, 10.076590000186116, 10.661436900030822, 11.194784100167453, 12.515183800132945, 14.350546200061217, 15.365157300140709, 16.168006000109017, 18.034778900211677]","['polygon_6', 'polygon_10', 'polygon_11', 'polygon_5', 'polygon_16', 'polygon_13', 'polygon', 'polygon_7', 'polygon_8', 'polygon_12', 'polygon_17']",None,82,2023-02-16_17h20.06.325,foraging_expt_polygons_hard_A,2022.2.5,60.68539291328812,
4,-0.3,0.4,-0.1,-0.4,-0.3,-0.2,-0.1,-0.2,-0.2,0.2,0.2,0,-0.4,0.2,-0.3,-0.4,0.2,-0.2,0,-0.4,0.1,0,0.3,-0.4,0.3,0.4,0.1,-0.4,-0.4,-0.4,-0.3,0,0.2,-0.4,-0.2,-0.2,0.3,0,-0.4,0.4,-0.2,0.4,-0.1,0.4,0.1,-0.2,0,-0.2,0.3,-0.2,0.1,0.4,-0.2,-0.4,0.2,0.4,0.2,0.2,-0.4,0,0.1,0.2,0,0.2,0.3,0.2,-0.2,0,-0.4,-0.2,0,0.4,-0.1,0,-0.1,0.2,0,0,-0.3,0.2,0,3,3,3,,,,,,,,,60.864758800016716,60.864758800016716,60.864758800016716,60.864758800016716,60.864758800016716,60.864758800016716,60.864758800016716,60.864758800016716,60.864758800016716,60.864758800016716,60.864758800016716,60.864758800016716,60.864758800016716,60.864758800016716,60.864758800016716,60.864758800016716,60.864758800016716,60.864758800016716,60.864758800016716,60.864758800016716,60.864758800016716,60.864758800016716,60.864758800016716,60.864758800016716,60.864758800016716,60.864758800016716,60.864758800016716,60.864758800016716,60.864758800016716,60.864758800016716,60.864758800016716,60.864758800016716,60.864758800016716,60.864758800016716,60.864758800016716,60.864758800016716,60.864758800016716,60.864758800016716,60.864758800016716,60.864758800016716,0.049625499872490764,60.864758800016716,60.864758800016716,[-0.30136459  0.39498213],[-0.11533139 -0.37085259],[-0.30779573 -0.17846543],[-0.11062687 -0.22934611],[-0.21045568  0.15251556],[0.18735455 0.03503547],[-0.40396556  0.16921184],[-0.29018256 -0.36890318],[ 0.18263891 -0.23057862],[ 0.00885051 -0.38758917],[0.08695364 0.0165999 ],[ 0.28068961 -0.43808647],[0.31637901 0.4491215 ],[ 0.10755688 -0.42514535],[-0.38054449 -0.37185299],[-0.31691549 -0.00250744],[ 0.19837688 -0.39884732],[-0.2069382  -0.15977484],[ 0.30075922 -0.02698163],[-0.3887571   0.38247273],[-0.18669577  0.42618676],[-0.08283516  0.38064774],[ 0.08066302 -0.16602139],[-0.00322356 -0.20091772],[ 0.30745406 -0.19725093],[0.11937512 0.37436046],[-0.18557432 -0.40201163],[0.2192418  0.42552004],[0.20906785 0.17358696],[-0.39900388 -0.00090519],[0.09431075 0.17940754],[-0.01425531  0.24247728],[0.28777337 0.16317611],[-0.19348076 -0.04286204],[-0.41607552 -0.21715565],[0.01407516 0.43886106],[-0.11789114  0.02701883],[-0.0817545   0.20196204],[0.00010376 0.01423818],[-0.30212224  0.15436383],"[-0.31712962962962965, -0.41550925925925924, -0.3912037037037037, 0.1909722222222222, -0.11921296296296297, -0.11921296296296297, -0.39467592592592593, 0.1099537037037037, 0.1875, 0.28703703703703703, 0.1886574074074074, 0.004629629629629629]","[-0.006944444444444444, 0.18171296296296297, 0.3819444444444444, 0.03935185185185185, -0.22569444444444445, -0.37037037037037035, -0.3784722222222222, -0.41782407407407407, -0.4050925925925926, -0.4409722222222222, -0.22106481481481483, -0.20023148148148148]","[1, 1, 1, 1, 1, 1, 1, 1, 1, 1, 1, 1]","[0, 0, 0, 0, 0, 0, 0, 0, 0, 0, 0, 0]","[0, 0, 0, 0, 0, 0, 0, 0, 0, 0, 0, 0]","[1.6039874001871794, 2.3057973000686616, 2.9707470000721514, 4.726471000118181, 7.012297200039029, 7.672711899969727, 8.32250430015847, 9.125561600085348, 9.677962800022215, 10.063788500148803, 10.778845600085333, 11.355134600074962]","['polygon_16', 'polygon_7', 'polygon_20', 'polygon_6', 'polygon_4', 'polygon_2', 'polygon_15', 'polygon_14', 'polygon_17', 'polygon_12', 'polygon_9', 'polygon_24']",None,82,2023-02-16_17h20.06.325,foraging_expt_polygons_hard_A,2022.2.5,60.68539291328812,
12,0,-0.2,-0.1,0.2,0.2,0.2,-0.4,-0.2,0.3,-0.4,0.2,0,-0.1,-0.4,-0.4,0.4,-0.2,0,0,-0.4,-0.4,0.2,-0.1,0,0.1,0.2,-0.2,0.2,0,0.2,0,0.4,-0.3,0,0.3,0.4,-0.3,-0.4,0.1,-0.2,-0.2,-0.2,-0.2,-0.4,0.2,0.4,0.1,-0.4,0,0,-0.4,-0.4,0.3,-0.2,0.3,0.2,-0.3,-0.2,0.1,0.4,0.3,0,-0.3,0.2,0.1,0,-0.1,0.4,-0.4,0,0.2,-0.4,-0.3,0.4,0.2,-0.2,-0.1,-0.2,-0.2,0.4,0,4,4,11,,,,,,,,,72.24795329989865,72.24795329989865,72.24795329989865,72.24795329989865,72.24795329989865,72.24795329989865,72.24795329989865,72.24795329989865,72.24795329989865,72.24795329989865,72.24795329989865,72.24795329989865,72.24795329989865,72.24795329989865,72.24795329989865,72.24795329989865,72.24795329989865,72.24795329989865,72.24795329989865,72.24795329989865,72.24795329989865,72.24795329989865,72.24795329989865,72.24795329989865,72.24795329989865,72.24795329989865,72.24795329989865,72.24795329989865,72.24795329989865,72.24795329989865,72.24795329989865,72.24795329989865,72.24795329989865,72.24795329989865,72.24795329989865,72.24795329989865,72.24795329989865,72.24795329989865,72.24795329989865,72.24795329989865,0.025420099962502718,72.24795329989865,72.24795329989865,[ 0.01038251 -0.16874887],[-0.09411124  0.24281403],[0.19177926 0.22018574],[-0.38300254 -0.15320273],[ 0.31905716 -0.40244527],[0.2179383  0.01949728],[-0.08820465 -0.35370062],[-0.41332958  0.35748768],[-0.21040151  0.01505037],[ 0.00209737 -0.41893152],[-0.41193797  0.21084966],[-0.0883645   0.04089771],[0.10817002 0.21187069],[-0.18847614  0.21236541],[0.01046142 0.18578759],[0.00847913 0.40975456],[-0.29819817  0.04980483],[0.31718344 0.39781539],[-0.2999059  -0.35799323],[ 0.11399535 -0.23437032],[-0.20921537 -0.24551593],[-0.20226051 -0.41827956],[0.21211825 0.35458117],[ 0.08601764 -0.39438196],[0.00372879 0.04038314],[-0.39919807 -0.36043103],[ 0.29171841 -0.24691215],[0.31945858 0.2227339 ],[-0.30729147 -0.19305875],[0.11150676 0.36165757],[0.30633858 0.02500309],[-0.29263531  0.20625417],[ 0.08019985 -0.03112135],[-0.11862633  0.39022531],[-0.38911913 -0.02560351],[ 0.18115562 -0.41916276],[-0.31101734  0.44981242],[ 0.20514959 -0.21279935],[-0.11034121 -0.21027879],[-0.19492036  0.35368024],"[0.004629629629629629, -0.38078703703703703, -0.41898148148148145, -0.18518518518518517, 0.2962962962962963, 0.3055555555555556, 0.20601851851851852, 0.31712962962962965]","[-0.20023148148148148, -0.15856481481481483, 0.21064814814814814, 0.21875, 0.40046296296296297, 0.40162037037037035, 0.024305555555555556, 0.018518518518518517]","[1, 1, 1, 1, 1, 1, 1, 1]","[0, 0, 0, 0, 0, 0, 0, 0]","[0, 0, 0, 0, 0, 0, 0, 0]","[0.0026991001795977354, 1.3981898999772966, 2.6665134001523256, 3.386885200161487, 4.86429370008409, 5.474108200054616, 6.404025600058958, 6.910059800138697]","['polygon_4', 'polygon_11', 'polygon_14', 'polygon_18', 'polygon_6', 'polygon_31']",None,82,2023-02-16_17h20.06.325,foraging_expt_polygons_hard_A,2022.2.5,60.68539291328812,
24,0.2,0.4,-0.4,0.4,0.3,0.2,-0.1,-0.2,-0.1,0.4,-0.4,0.2,-0.3,-0.2,0.3,-0.4,-0.1,-0.4,0.1,0.2,0.1,0.4,0,-0.4,-0.1,0,-0.3,0.4,0.3,-0.2,0.3,0.4,-0.4,-0.4,-0.1,0.2,0,0,0.1,-0.2,-0.3,0.2,-0.2,0.4,0,0.4,0.2,-0.4,0.1,-0.4,0,-0.2,-0.2,-0.2,-0.2,0,-0.2,-0.4,-0.3,0,-0.4,0,0.1,0,0.2,0,0.3,0,0.2,-0.2,-0.3,-0.4,-0.2,0.2,0.2,0.2,-0.4,-0.2,0,0.2,0,5,5,23,,,,,,,,,79.19155839993618,79.19155839993618,79.19155839993618,79.19155839993618,79.19155839993618,79.19155839993618,79.19155839993618,79.19155839993618,79.19155839993618,79.19155839993618,79.19155839993618,79.19155839993618,79.19155839993618,79.19155839993618,79.19155839993618,79.19155839993618,79.19155839993618,79.19155839993618,79.19155839993618,79.19155839993618,79.19155839993618,79.19155839993618,79.19155839993618,79.19155839993618,79.19155839993618,79.19155839993618,79.19155839993618,79.19155839993618,79.19155839993618,79.19155839993618,79.19155839993618,79.19155839993618,79.19155839993618,79.19155839993618,79.19155839993618,79.19155839993618,79.19155839993618,79.19155839993618,79.19155839993618,79.19155839993618,0.010147199966013432,79.19155839993618,79.19155839993618,[0.19004526 0.39912689],[-0.40627492  0.38671096],[0.29891281 0.17777122],[-0.10937122 -0.22784984],[-0.08720327  0.38685072],[-0.38877656  0.17261676],[-0.29658684 -0.19714876],[ 0.28731223 -0.36839983],[-0.08182249 -0.42030438],[0.11064209 0.17694818],[0.1179915  0.36382211],[ 0.0145151  -0.39189184],[-0.11684383 -0.03224885],[-0.28292859  0.40435589],[ 0.29117579 -0.23769805],[0.29388842 0.36754132],[-0.39198602 -0.39776879],[-0.08705439  0.20758772],[-0.0182168  -0.03038231],[ 0.09630308 -0.24142915],[-0.29018929  0.22534027],[-0.20977286  0.42208982],[-0.01578027  0.38107828],[ 0.20665938 -0.40337569],[ 0.08390819 -0.39391224],[-0.00745331 -0.24743791],[-0.1828833  -0.21869451],[-0.20979314  0.03962626],[-0.2171814  -0.43148639],[-0.28309706  0.02979406],[-0.41834728 -0.01667215],[ 0.10483226 -0.04031889],[0.21948062 0.00069704],[0.30471538 0.01046442],[ 0.18120678 -0.17071204],[-0.29801779 -0.36722079],[-0.21582301  0.19799063],[0.21120234 0.17719862],[-0.40315075 -0.2078769 ],[-0.01415561  0.22257218],"[0.31712962962962965, 0.29050925925925924, 0.28587962962962965, 0.1875, 0.12152777777777778, -0.0798611111111111, -0.42824074074074076, -0.41782407407407407, -0.09027777777777778, 0.08333333333333333, -0.29050925925925924, -0.08680555555555555, -0.09722222222222222, -0.08680555555555555, 0.0763888888888889]","[0.019675925925925927, 0.18055555555555555, 0.3599537037037037, 0.4050925925925926, 0.36342592592592593, 0.38773148148148145, 0.3888888888888889, 0.38773148148148145, 0.20949074074074073, 0.19675925925925927, -0.19791666666666666, -0.2349537037037037, -0.2337962962962963, -0.4386574074074074, -0.3993055555555556]","[1, 1, 1, 1, 1, 1, 1, 1, 1, 1, 1, 1, 1, 1, 1]","[0, 0, 0, 0, 0, 0, 0, 0, 0, 0, 0, 0, 0, 0, 0]","[0, 0, 0, 0, 0, 0, 0, 0, 0, 0, 0, 0, 0, 0, 0]","[0.004483700031414628, 1.1182772000320256, 2.1006461998913437, 2.520980999805033, 2.9221669998951256, 3.3772980999201536, 4.037098699947819, 4.418846199987456, 6.305151299806312, 7.721972499974072, 10.225094199879095, 10.89530949993059, 11.443027099827304, 12.378458800027147, 13.153380499919876]","['polygon_34', 'polygon_3', 'polygon_16', 'polygon', 'polygon_11', 'polygon_5', 'polygon_2', 'polygon_18', 'polygon_7', 'polygon_4', 'polygon_9', 'polygon_25']",None,82,2023-02-16_17h20.06.325,foraging_expt_polygons_hard_A,2022.2.5,60.68539291328812,
3,-0.1,0.2,0.3,-0.4,-0.1,-0.4,0.2,-0.4,-0.3,0.4,-0.2,-0.4,0,0,-0.3,-0.4,0,-0.2,0.3,0,0.2,0.4,0,-0.4,-0.4,0.2,-0.1,-0.2,0.1,0.4,-0.4,-0.2,0.1,-0.2,0.1,0,0,0.4,0,0.2,0.3,-0.2,0.2,0.2,0.1,-0.4,-0.2,0.2,0.2,-0.2,-0.4,-0.4,-0.4,0,-0.2,0.4,-0.2,-0.2,-0.3,0.2,-0.4,0.4,0.2,0,-0.3,-0.2,-0.1,0,0.3,0.2,-0.2,0,0.1,0.2,0.3,0.4,-0.1,0.4,-0.3,0,0,6,6,2,,,,,,,,,92.37576270010322,92.37576270010322,92.37576270010322,92.37576270010322,92.37576270010322,92.37576270010322,92.37576270010322,92.37576270010322,92.37576270010322,92.37576270010322,92.37576270010322,92.37576270010322,92.37576270010322,92.37576270010322,92.37576270010322,92.37576270010322,92.37576270010322,92.37576270010322,92.37576270010322,92.37576270010322,92.37576270010322,92.37576270010322,92.37576270010322,92.37576270010322,92.37576270010322,92.37576270010322,92.37576270010322,92.37576270010322,92.37576270010322,92.37576270010322,92.37576270010322,92.37576270010322,92.37576270010322,92.37576270010322,92.37576270010322,92.37576270010322,92.37576270010322,92.37576270010322,92.37576270010322,92.37576270010322,0.01457470003515482,92.37576270010322,92.37576270010322,[-0.1189758   0.15814321],[ 0.28643509 -0.35969587],[-0.0961208  -0.38312868],[ 0.18524309 -0.37247123],[-0.31228794  0.39121858],[-0.19511528 -0.40717983],[ 0.01585826 -0.04087843],[-0.31379192 -0.3875527 ],[-0.00494671 -0.1938408 ],[0.29473637 0.02956463],[0.20661048 0.42910337],[ 0.00989244 -0.42981442],[-0.40007448  0.16767379],[-0.09704885 -0.2137122 ],[0.0909218  0.39923609],[-0.38076408 -0.21030712],[ 0.08194619 -0.17856372],[0.09436333 0.03755588],[-0.01142476  0.36319305],[-0.00442024  0.18000418],[ 0.30375469 -0.21007848],[0.19061743 0.23930003],[ 0.09782762 -0.4215569 ],[-0.1893632   0.17177234],[ 0.19932463 -0.1673306 ],[-0.41120749 -0.44102739],[-0.41434999 -0.026471  ],[-0.18970945  0.42499225],[-0.21782075 -0.18394787],[-0.28077365  0.22493438],[-0.38874631  0.40245887],[ 0.18136304 -0.03735868],[-0.29261307 -0.20667453],[-0.09953524 -0.03410405],[0.29026458 0.17114987],[-0.18218747 -0.01299567],[0.08285601 0.2364763 ],[0.2840587  0.35416734],[-0.08657163  0.4413341 ],[-0.28870122  0.00939287],"[0.0775462962962963, 0.19212962962962962, -0.006944444444444444, -0.10300925925925926, -0.3715277777777778, -0.31828703703703703, 0.015046296296296295, 0.018518518518518517, -0.11458333333333333, 0.0011574074074074073, -0.3055555555555556, 0.2025462962962963, 0.08564814814814815, -0.034722222222222224, -0.02199074074074074, 0.004629629629629629, 0.3136574074074074]","[-0.3993055555555556, -0.3726851851851852, -0.1886574074074074, -0.21180555555555555, -0.22106481481481483, -0.375, -0.43287037037037035, -0.02662037037037037, 0.15046296296296297, 0.3645833333333333, 0.3993055555555556, 0.4351851851851852, 0.39814814814814814, 0.18171296296296297, 0.19560185185185186, 0.1863425925925926, -0.20833333333333334]","[1, 1, 1, 1, 1, 1, 1, 1, 1, 1, 1, 1, 1, 1, 1, 1, 1]","[0, 0, 0, 0, 0, 0, 0, 0, 0, 0, 0, 0, 0, 0, 0, 0, 0]","[0, 0, 0, 0, 0, 0, 0, 0, 0, 0, 0, 0, 0, 0, 0, 0, 0]","[0.003533999901264906, 1.3304500998929143, 2.9082813998684287, 3.440871400060132, 4.594164500012994, 5.365688999881968, 6.545704599935561, 8.301172599894926, 9.06880889995955, 10.555023599881679, 11.954473299905658, 13.790937799960375, 14.439341800054535, 15.639229699969292, 16.09865910001099, 16.48991569993086, 18.461496399948373]","['polygon_4', 'polygon_9', 'polygon_14', 'polygon_16', 'polygon_8', 'polygon_12', 'polygon_7', 'polygon', 'polygon_19', 'polygon_5', 'polygon_11', 'polygon_15', 'polygon_20', 'polygon_21']",None,82,2023-02-16_17h20.06.325,foraging_expt_polygons_hard_A,2022.2.5,60.68539291328812,
32,-0.2,-0.2,-0.1,-0.2,-0.4,0,0,0.4,0,0,-0.3,0.2,0.2,-0.4,0.2,0.2,-0.3,0.4,0.2,0.4,-0.4,0.4,-0.2,0.2,-0.4,-0.4,-0.3,-0.2,0.1,0.2,0.2,-0.2,0.3,-0.2,0,-0.4,0.1,-0.4,-0.1,0.4,0.3,0,-0.4,0.2,0.3,0.2,0.3,0.4,-0.3,0,0.1,-0.2,0.2,0,0,0.2,0.1,0,-0.2,-0.4,-0.2,0.4,-0.2,0,-0.1,0,0,-0.2,-0.3,-0.4,-0.1,-0.4,-0.1,0.2,0.1,0.4,0.3,-0.4,-0.4,-0.2,0,7,7,31,,,,,,,,,110.87123670009896,110.87123670009896,110.87123670009896,110.87123670009896,110.87123670009896,110.87123670009896,110.87123670009896,110.87123670009896,110.87123670009896,110.87123670009896,110.87123670009896,110.87123670009896,110.87123670009896,110.87123670009896,110.87123670009896,110.87123670009896,110.87123670009896,110.87123670009896,110.87123670009896,110.87123670009896,110.87123670009896,110.87123670009896,110.87123670009896,110.87123670009896,110.87123670009896,110.87123670009896,110.87123670009896,110.87123670009896,110.87123670009896,110.87123670009896,110.87123670009896,110.87123670009896,110.87123670009896,110.87123670009896,110.87123670009896,110.87123670009896,110.87123670009896,110.87123670009896,110.87123670009896,110.87123670009896,0.020403000060468912,110.87123670009896,110.87123670009896,[-0.20079803 -0.22701168],[-0.0930503  -0.18971071],[-0.38477141  0.00415247],[-0.01385055  0.43483669],[ 0.01358685 -0.01901381],[-0.28627145  0.17600716],[ 0.21062117 -0.37376265],[0.19712487 0.15709982],[-0.3023404   0.44448286],[0.18476738 0.40248572],[-0.40585377  0.40965662],[-0.19988433  0.24436328],[-0.385527   -0.43179557],[-0.2887891  -0.17876083],[0.11187001 0.1527408 ],[ 0.21189517 -0.22289594],[ 0.31276012 -0.23412129],[-1.19553153e-04 -3.90615697e-01],[ 0.09830842 -0.36190837],[-0.11164143  0.42126157],[ 0.29336394 -0.04239156],[-0.41979654  0.16395991],[0.29771809 0.21136763],[0.29375887 0.41416351],[-0.30027768 -0.00636819],[ 0.10614714 -0.23407463],[0.2081867  0.04432142],[0.00473852 0.20255584],[0.10732186 0.02917971],[-0.20534624 -0.43326182],[-0.20216354  0.41331514],[-0.21833139  0.02992929],[-0.09458849 -0.03549493],[ 0.01806531 -0.23213874],[-0.30242438 -0.43606704],[-0.08982899 -0.3750694 ],[-0.09777587  0.24091902],[0.11189589 0.38810099],[ 0.29728782 -0.36057784],[-0.38091841 -0.15260039],"[0.3136574074074074, 0.20833333333333334, 0.22106481481481483, -0.009259259259259259, -0.39699074074074076, -0.29976851851851855, -0.36342592592592593, -0.3738425925925926, -0.27199074074074076, -0.4074074074074074, -0.3113425925925926, -0.1076388888888889, -0.018518518518518517, 0.18981481481481483, 0.1840277777777778, 0.0023148148148148147, -0.21296296296296297, -0.09143518518518519, -0.2199074074074074, -0.0798611111111111]","[-0.20833333333333334, -0.22569444444444445, -0.3680555555555556, -0.3912037037037037, -0.44212962962962965, -0.1909722222222222, 0.016203703703703703, 0.015046296296296295, 0.18171296296296297, 0.4166666666666667, 0.4537037037037037, 0.4131944444444444, 0.4363425925925926, 0.4027777777777778, 0.14814814814814814, -0.027777777777777776, 0.25810185185185186, -0.1701388888888889, -0.2349537037037037, -0.18171296296296297]","[1, 1, 1, 1, 1, 1, 1, 1, 1, 1, 1, 1, 1, 1, 1, 1, 1, 1, 1, 1]","[0, 0, 0, 0, 0, 0, 0, 0, 0, 0, 0, 0, 0, 0, 0, 0, 0, 0, 0, 0]","[0, 0, 0, 0, 0, 0, 0, 0, 0, 0, 0, 0, 0, 0, 0, 0, 0, 0, 0, 0]","[0.0019674000795930624, 1.5093870998825878, 2.548852500040084, 3.6136950000654906, 4.313390800030902, 5.199421999976039, 5.895927400095388, 6.3339170999825, 6.795656899921596, 7.5082841999828815, 8.236072999890894, 9.137280100025237, 9.95003639999777, 10.712780900066718, 13.799856799887493, 15.091764600016177, 16.57844500010833, 18.645076300017536, 19.128593999892473, 19.563232599990442]","['polygon_16', 'polygon_7', 'polygon_18', 'polygon_13', 'polygon_14', 'polygon_3', 'polygon_6', 'polygon_11', 'polygon_9', 'polygon_20', 'polygon_4', 'polygon_10', 'polygon_8', 'polygon_5', 'polygon_12', 'polygon_2']",None,82,2023-02-16_17h20.06.325,foraging_expt_polygons_hard_A,2022.2.5,60.68539291328812,
5,0.2,-0.2,0.1,0,0.3,0,-0.3,-0.2,-0.2,0.4,0.3,-0.2,-0.3,-0.4,0,-0.4,-0.1,-0.2,-0.1,-0.4,-0.2,0.2,-0.3,0.4,0,0.4,0.2,0.2,0.2,-0.4,-0.4,-0.2,-0.2,-0.4,-0.3,0.2,0,0,0.1,0.4,0,-0.2,-0.3,0,-0.4,0,-0.1,0.2,0.1,0.2,0.3,0.4,0.3,-0.4,0.1,-0.4,-0.1,0.4,0.3,0.2,-0.2,-0.2,0.1,-0.2,-0.4,-0.4,0.2,0,-0.1,0,-0.2,0,-0.4,0.2,0.2,0.4,0,0.2,-0.4,0.4,0,8,8,4,,,,,,,,,130.90133440005593,130.90133440005593,130.90133440005593,130.90133440005593,130.90133440005593,130.90133440005593,130.90133440005593,130.90133440005593,130.90133440005593,130.90133440005593,130.90133440005593,130.90133440005593,130.90133440005593,130.90133440005593,130.90133440005593,130.90133440005593,130.90133440005593,130.90133440005593,130.90133440005593,130.90133440005593,130.90133440005593,130.90133440005593,130.90133440005593,130.90133440005593,130.90133440005593,130.90133440005593,130.90133440005593,130.90133440005593,130.90133440005593,130.90133440005593,130.90133440005593,130.90133440005593,130.90133440005593,130.90133440005593,130.90133440005593,130.90133440005593,130.90133440005593,130.90133440005593,130.90133440005593,130.90133440005593,0.04136470006778836,130.90133440005593,130.90133440005593,[ 0.1926718  -0.16472089],[0.08195147 0.00570365],[0.30711707 0.0451255 ],[-0.29871809 -0.20325816],[-0.2064895   0.37510584],[ 0.28533819 -0.15903127],[-0.29049684 -0.39124906],[-0.00289744 -0.38066173],[-0.09281322 -0.16924229],[-0.10345422 -0.4422619 ],[-0.19118809  0.1983661 ],[-0.31017558  0.44129703],[-0.00380423  0.39466898],[0.19643286 0.17271912],[ 0.18205634 -0.39670204],[-0.40273153 -0.19792272],[-0.2031656 -0.4109579],[-0.29910504  0.23443579],[-0.01523813 -0.02018613],[0.08640346 0.39595107],[ 0.01467872 -0.23200932],[-0.29734885  0.02444148],[-0.41885716  0.00505979],[-0.10533093  0.20338625],[0.08013281 0.19233248],[0.2926601  0.41151401],[ 0.29048012 -0.386983  ],[ 0.08973517 -0.44658321],[-0.08185626  0.37870519],[0.30951184 0.15014758],[-0.18501682 -0.23456068],[ 0.09459085 -0.19439182],[-0.41554629 -0.40115008],[ 0.20986945 -0.02689389],[-0.09228709 -0.00512061],[-0.19809774 -0.004738  ],[-0.40484444  0.15583703],[0.19918646 0.35560457],[0.01670528 0.20856995],[-0.40759101  0.40361978],"[-0.19328703703703703, -0.09375, 0.0763888888888889, -0.02199074074074074, 0.19791666666666666, -0.19791666666666666, -0.2835648148148148, -0.09490740740740741, 0.10069444444444445, -0.20023148148148148, -0.3159722222222222, 0.2824074074074074]","[-0.22685185185185186, -0.17824074074074073, 0.019675925925925927, -0.013888888888888888, -0.16782407407407407, -0.4085648148148148, -0.3912037037037037, -0.44328703703703703, 0.4097222222222222, 0.3900462962962963, 0.4363425925925926, 0.41898148148148145]","[1, 1, 1, 1, 1, 1, 1, 1, 1, 1, 1, 1]","[0, 0, 0, 0, 0, 0, 0, 0, 0, 0, 0, 0]","[0, 0, 0, 0, 0, 0, 0, 0, 0, 0, 0, 0]","[0.00234880018979311, 2.2053120001219213, 3.053798699984327, 3.555228400044143, 4.498389200074598, 6.2739132000133395, 6.641193600138649, 7.109467800008133, 8.797613100148737, 9.544726100051776, 10.97812069999054, 15.047713899984956]","['polygon_31', 'polygon_9', 'polygon_2', 'polygon_19', 'polygon', 'polygon_17', 'polygon_7', 'polygon_10', 'polygon_5', 'polygon_12', 'polygon_26']",None,82,2023-02-16_17h20.06.325,foraging_expt_polygons_hard_A,2022.2.5,60.68539291328812,
23,0.1,0.4,-0.1,-0.4,0,0.4,0.3,0,0.2,0.2,-0.2,-0.4,-0.1,-0.2,-0.2,0.2,0.1,0,-0.3,0.2,0.2,-0.4,0.3,0.4,0,0,-0.3,-0.2,0.2,-0.2,-0.4,0,-0.2,0,0,-0.4,-0.2,-0.2,-0.3,-0.4,0.2,0,-0.4,0.2,0,0.2,-0.3,0.4,-0.2,0.4,0.1,-0.4,-0.1,0,-0.4,-0.2,-0.4,0.4,0,-0.2,-0.1,0.4,0.3,0.2,0.1,0.2,0.3,-0.4,0.3,-0.2,-0.1,0.2,0.1,-0.2,-0.3,0,-0.4,-0.4,0.2,0.4,0,9,9,22,,,,,,,,,146.00155479996465,146.00155479996465,146.00155479996465,146.00155479996465,146.00155479996465,146.00155479996465,146.00155479996465,146.00155479996465,146.00155479996465,146.00155479996465,146.00155479996465,146.00155479996465,146.00155479996465,146.00155479996465,146.00155479996465,146.00155479996465,146.00155479996465,146.00155479996465,146.00155479996465,146.00155479996465,146.00155479996465,146.00155479996465,146.00155479996465,146.00155479996465,146.00155479996465,146.00155479996465,146.00155479996465,146.00155479996465,146.00155479996465,146.00155479996465,146.00155479996465,146.00155479996465,146.00155479996465,146.00155479996465,146.00155479996465,146.00155479996465,146.00155479996465,146.00155479996465,146.00155479996465,146.00155479996465,0.02652509999461472,146.00155479996465,146.00155479996465,[0.10806422 0.41397818],[-0.10197081 -0.43640237],[0.01901814 0.43202572],[0.29934743 0.01597937],[0.19017929 0.18531813],[-0.20453372 -0.36614337],[-0.11929651 -0.15211979],[-0.20469822  0.19967356],[ 0.1040821  -0.02620552],[-0.31221147  0.16101817],[ 0.19392487 -0.36698958],[0.29295653 0.38569269],[-0.01544107 -0.02626669],[-0.28337954 -0.24668813],[ 0.21586072 -0.21956818],[-0.40538607 -0.01928679],[-0.1910576   0.01464182],[-0.00949582 -0.43246369],[-0.20658563 -0.16966361],[-0.31901494 -0.39779655],[ 0.18536093 -0.02591983],[-0.39401726  0.21807171],[0.00567665 0.17026717],[-0.29270877  0.42102243],[-0.21985774  0.35535204],[ 0.08473461 -0.38742865],[-0.09543457 -0.00092009],[-0.40448704 -0.18007861],[-0.38857781  0.42639301],[-0.00124966 -0.17100046],[-0.09854827  0.41653336],[0.29558796 0.23443296],[0.11419138 0.24715927],[ 0.31189467 -0.37739132],[ 0.30100517 -0.23546515],[-0.08935953  0.16779465],[ 0.08692266 -0.24804472],[-0.28901699 -0.03378529],[-0.40435277 -0.43145818],[0.18746795 0.40445106],"[0.2824074074074074, 0.3055555555555556, 0.009259259259259259, 0.1099537037037037, -0.4085648148148148, -0.41435185185185186]","[0.41898148148148145, 0.3958333333333333, 0.42939814814814814, 0.4131944444444444, -0.004629629629629629, -0.19444444444444445]","[1, 1, 1, 1, 1, 1]","[0, 0, 0, 0, 0, 0]","[0, 0, 0, 0, 0, 0]","[0.0050137999933212996, 1.4874656999018043, 2.207082499982789, 2.6702341998461634, 5.45377969997935, 6.477425300050527]","['polygon_12', 'polygon_3', 'polygon', 'polygon_16', 'polygon_28']",None,82,2023-02-16_17h20.06.325,foraging_expt_polygons_hard_A,2022.2.5,60.68539291328812,
18,0.3,0.2,0.1,0,0,0.2,0.2,0,-0.2,0.4,0.1,0.2,-0.4,-0.4,0.3,0.4,0,-0.2,0.2,-0.2,-0.4,0.2,-0.3,0,0.3,-0.2,0.3,-0.4,-0.3,0.2,0.2,0.4,-0.3,-0.2,0,0.4,-0.3,-0.4,-0.2,0,0,-0.4,0.2,-0.4,0,0,-0.1,-0.2,-0.4,0,-0.1,0.2,-0.4,0.4,-0.1,0.4,0.1,-0.4,-0.2,-0.2,0.2,0.2,0.1,0.4,-0.4,-0.2,-0.2,0.2,-0.1,-0.4,0.1,-0.2,-0.2,-0.4,-0.3,0.4,-0.1,0,0.3,0,0,10,10,17,,,,,,,,,152.51980390003882,152.51980390003882,152.51980390003882,152.51980390003882,152.51980390003882,152.51980390003882,152.51980390003882,152.51980390003882,152.51980390003882,152.51980390003882,152.51980390003882,152.51980390003882,152.51980390003882,152.51980390003882,152.51980390003882,152.51980390003882,152.51980390003882,152.51980390003882,152.51980390003882,152.51980390003882,152.51980390003882,152.51980390003882,152.51980390003882,152.51980390003882,152.51980390003882,152.51980390003882,152.51980390003882,152.51980390003882,152.51980390003882,152.51980390003882,152.51980390003882,152.51980390003882,152.51980390003882,152.51980390003882,152.51980390003882,152.51980390003882,152.51980390003882,152.51980390003882,152.51980390003882,152.51980390003882,0.025372600182890892,152.51980390003882,152.51980390003882,[0.3113609  0.22610917],[0.08675935 0.02279988],[-0.00203397  0.22112834],[0.21928223 0.01901692],[-0.21823582  0.35482054],[0.10890856 0.23081083],[-0.3937376  -0.38887545],[0.31647459 0.38817409],[ 0.00721482 -0.24975387],[ 0.21526401 -0.21757645],[-0.39722981  0.23194279],[-0.2983377   0.04542248],[ 0.30780136 -0.19993428],[ 0.29003633 -0.42577298],[-0.31233417  0.2002738 ],[0.18564098 0.41405882],[-0.2906679  -0.19802491],[-0.00253529  0.38278   ],[-0.31004447 -0.43371637],[-0.20872016  0.03143567],[-0.00300353 -0.36879532],[ 0.21346172 -0.36711552],[0.0111525  0.04704746],[-0.10357473 -0.19799578],[-0.40987897 -0.03445571],[-0.08338452  0.23366624],[-0.39467612  0.35855492],[-0.08955839  0.40405185],[ 0.09925712 -0.41131964],[-0.21450325 -0.24426627],[0.21309847 0.24712804],[0.11289952 0.43988318],[-0.40921166 -0.24587766],[-0.18483827  0.20837839],[-0.11854774 -0.4106371 ],[ 0.11947803 -0.20364469],[-0.21904759 -0.36692383],[-0.30061286  0.42680046],[-0.10891404  0.02314931],[ 0.30656628 -0.03427154],"[-0.41435185185185186, -0.4097222222222222, -0.08680555555555555]","[-0.19444444444444445, 0.2326388888888889, 0.3993055555555556]","[1, 1, 1]","[0, 0, 0]","[0, 0, 0]","[0.002069400157779455, 1.6651181001216173, 2.900661500170827]","['polygon_11', 'polygon_28']",None,82,2023-02-16_17h20.06.325,foraging_expt_polygons_hard_A,2022.2.5,60.68539291328812,
7,0.2,-0.4,-0.2,-0.2,-0.1,0.2,-0.1,0.4,-0.2,0.2,-0.2,0,-0.2,0.4,-0.4,0.2,-0.4,0,-0.4,0.4,-0.3,0,-0.1,-0.2,-0.1,0,0.1,0.4,-0.3,-0.2,0,-0.4,-0.4,-0.4,-0.4,-0.2,0,0.4,0.1,-0.2,-0.3,0.4,0.1,-0.4,0.2,0.4,0.1,0.2,0.2,0.2,0.2,-0.2,0.3,0,-0.1,-0.4,0.1,0,-0.3,-0.4,0,0.2,0.3,0.2,0.3,0.4,0,-0.2,0.3,-0.4,0.3,-0.2,-0.3,0.2,-0.2,-0.4,0.2,0,0,0,0,11,11,6,,,,,,,,,155.45994929992594,155.45994929992594,155.45994929992594,155.45994929992594,155.45994929992594,155.45994929992594,155.45994929992594,155.45994929992594,155.45994929992594,155.45994929992594,155.45994929992594,155.45994929992594,155.45994929992594,155.45994929992594,155.45994929992594,155.45994929992594,155.45994929992594,155.45994929992594,155.45994929992594,155.45994929992594,155.45994929992594,155.45994929992594,155.45994929992594,155.45994929992594,155.45994929992594,155.45994929992594,155.45994929992594,155.45994929992594,155.45994929992594,155.45994929992594,155.45994929992594,155.45994929992594,155.45994929992594,155.45994929992594,155.45994929992594,155.45994929992594,155.45994929992594,155.45994929992594,155.45994929992594,155.45994929992594,0.020759599981829524,155.45994929992594,155.45994929992594,[ 0.21486189 -0.35819386],[-0.18680606 -0.24920088],[-0.09874252  0.24312888],[-0.08906379  0.38176446],[-0.2195723  0.2154235],[-0.21229897 -0.01877164],[-0.20544993  0.40068574],[-0.40457786  0.22093295],[-0.40506268 -0.04491784],[-0.38134545  0.39422668],[-0.30233544  0.01929488],[-0.11937749 -0.24096367],[-0.11774802 -0.03062589],[0.11011646 0.38249181],[-0.3039549  -0.20063596],[ 0.00523523 -0.41107128],[-0.41752243 -0.39189449],[-0.38863251 -0.17914262],[0.01096171 0.41419785],[ 0.10514835 -0.21659349],[-0.29104227  0.36838846],[ 0.09808138 -0.4328204 ],[0.19313052 0.40425125],[0.10882069 0.15249863],[0.20254298 0.22352233],[ 0.18296113 -0.18625502],[0.28436133 0.01134987],[-0.0883598  -0.44133175],[ 0.11152444 -0.00956923],[-0.29001601 -0.3836963 ],[-0.01217247  0.15634592],[0.29966983 0.21183691],[0.30220438 0.3578495 ],[ 0.01836682 -0.17891326],[ 0.30528506 -0.39520862],[ 0.3058315  -0.17525408],[-0.28847884  0.23592248],[-0.20040547 -0.41578394],[0.18937104 0.03475542],[ 0.01834525 -0.00759154],"[-0.08680555555555555, 0.1111111111111111, 0.015046296296296295, -0.0787037037037037, -0.21064814814814814, 0.3125]","[0.3993055555555556, 0.3912037037037037, 0.4131944444444444, 0.38425925925925924, 0.40046296296296297, 0.2152777777777778]","[1, 1, 1, 1, 1, 1]","[0, 0, 0, 0, 0, 0]","[0, 0, 0, 0, 0, 0]","[0.00256459997035563, 1.540111399954185, 2.061057899845764, 2.5692933998070657, 3.1199761999305338, 3.8229904999025166]","['polygon_4', 'polygon_14', 'polygon_19', 'polygon_4', 'polygon_7', 'polygon_32']",None,82,2023-02-16_17h20.06.325,foraging_expt_polygons_hard_A,2022.2.5,60.68539291328812,
35,-0.1,-0.4,-0.2,-0.4,0.1,-0.4,-0.2,0,0.3,-0.4,0.1,0.4,-0.2,0.4,-0.1,-0.2,-0.3,0.2,0.1,0.2,-0.1,0,-0.4,-0.2,0.2,0.4,0,0.4,0,-0.4,0.1,-0.2,0.2,0.2,0.1,0,0.3,0.2,-0.3,-0.2,-0.1,0.4,-0.1,0.2,0.2,-0.4,-0.2,-0.2,-0.3,0.4,0,0,-0.4,0,0.3,0,0,0.2,0.3,-0.2,-0.4,0.2,0.3,0.4,0.2,0,0,-0.2,-0.3,0,0.2,-0.2,-0.2,0.2,-0.3,-0.4,-0.4,0.4,-0.4,-0.4,0,12,12,34,,,,,,,,,159.3412935999222,159.3412935999222,159.3412935999222,159.3412935999222,159.3412935999222,159.3412935999222,159.3412935999222,159.3412935999222,159.3412935999222,159.3412935999222,159.3412935999222,159.3412935999222,159.3412935999222,159.3412935999222,159.3412935999222,159.3412935999222,159.3412935999222,159.3412935999222,159.3412935999222,159.3412935999222,159.3412935999222,159.3412935999222,159.3412935999222,159.3412935999222,159.3412935999222,159.3412935999222,159.3412935999222,159.3412935999222,159.3412935999222,159.3412935999222,159.3412935999222,159.3412935999222,159.3412935999222,159.3412935999222,159.3412935999222,159.3412935999222,159.3412935999222,159.3412935999222,159.3412935999222,159.3412935999222,0.02625870006158948,159.3412935999222,159.3412935999222,[-0.09032653 -0.36792482],[-0.21886739 -0.39259539],[ 0.08510433 -0.43543712],[-0.19137672 -0.03612974],[ 0.29036034 -0.3773957 ],[0.11762348 0.37839386],[-0.18532741  0.37344643],[-0.0936056  -0.15462789],[-0.28927405  0.24079271],[0.08394959 0.21607822],[-0.08803349  0.03780121],[-0.40203677 -0.20237528],[0.19237712 0.42661238],[-0.00585997  0.3581457 ],[-0.00175907 -0.41135   ],[ 0.11824043 -0.17782914],[0.18449639 0.24359345],[0.08539069 0.02626184],[0.30129494 0.19131261],[-0.3056447  -0.18262626],[-0.09958502  0.43451218],[-0.11640456  0.21499705],[ 0.20746928 -0.35504947],[-0.20812293 -0.20180828],[-0.31093318  0.3524891 ],[-0.01498341 -0.01798645],[-0.38384033  0.04703303],[ 0.29071418 -0.04073786],[-0.00355961  0.23632105],[ 0.2924282 -0.1570697],[-0.40547548  0.21441302],[0.30969222 0.40809743],[0.19062399 0.01708762],[-0.00946919 -0.16443574],[-0.31753175  0.00980301],[ 0.2048369  -0.20851497],[-0.20908034  0.17948064],[-0.30429672 -0.43538086],[-0.41471857  0.3597281 ],[-0.41789161 -0.3528367 ],"[0.3125, 0.10416666666666667, 0.1886574074074074, -0.009259259259259259, -0.18518518518518517, -0.28587962962962965, 0.19675925925925927, 0.3055555555555556, 0.07291666666666667, -0.08217592592592593, -0.18981481481481483, -0.30671296296296297, -0.11458333333333333, -0.09606481481481481, 0.2835648148148148, -0.034722222222222224, 0.01273148148148148, -0.23958333333333334]","[0.2152777777777778, 0.38310185185185186, 0.4305555555555556, 0.3611111111111111, 0.38078703703703703, 0.23842592592592593, 0.2349537037037037, 0.18981481481481483, 0.03356481481481482, 0.03356481481481482, -0.032407407407407406, -0.17592592592592593, -0.16782407407407407, -0.1597222222222222, -0.3773148148148148, -0.4201388888888889, -0.41550925925925924, -0.3854166666666667]","[1, 1, 1, 1, 1, 1, 1, 1, 1, 1, 1, 1, 1, 1, 1, 1, 1, 1]","[0, 0, 0, 0, 0, 0, 0, 0, 0, 0, 0, 0, 0, 0, 0, 0, 0, 0]","[0, 0, 0, 0, 0, 0, 0, 0, 0, 0, 0, 0, 0, 0, 0, 0, 0, 0]","[0.002287199953570962, 6.656239700037986, 7.266601499868557, 8.006143199978396, 9.386972599895671, 10.878851099871099, 12.362922899890691, 12.859440499916673, 14.143564699916169, 14.570740999886766, 15.045108000049368, 15.743256599875167, 16.315586199983954, 16.916084500029683, 18.52418960002251, 19.01639620005153, 19.285943999886513, 19.894131399923936]","['polygon_6', 'polygon_13', 'polygon_14', 'polygon_7', 'polygon_9', 'polygon_17', 'polygon_19', 'polygon_18', 'polygon_11', 'polygon_4', 'polygon_20', 'polygon_8', 'polygon_5', 'polygon_15']",None,82,2023-02-16_17h20.06.325,foraging_expt_polygons_hard_A,2022.2.5,60.68539291328812,
25,-0.2,0.4,0,0.4,0.2,-0.2,0.3,-0.4,-0.3,0.4,-0.3,-0.4,0.1,-0.2,0.3,0,-0.1,-0.2,-0.2,0,0.3,0.4,0,0,0,0.2,-0.2,-0.2,-0.1,-0.4,0.1,0.4,0.2,0.2,-0.4,0.2,-0.1,0.4,-0.4,-0.4,0.3,-0.2,-0.4,0,-0.3,-0.2,0.1,-0.4,0,-0.4,-0.1,0,0.1,0,-0.1,0.2,-0.2,0.2,0.2,-0.4,-0.3,0.2,0.3,0.2,0,-0.2,0.2,0,-0.4,0.4,0.2,0.4,-0.2,-0.4,-0.4,-0.2,0.1,0.2,-0.3,0,0,13,13,24,,,,,,,,,179.32368290005252,179.32368290005252,179.32368290005252,179.32368290005252,179.32368290005252,179.32368290005252,179.32368290005252,179.32368290005252,179.32368290005252,179.32368290005252,179.32368290005252,179.32368290005252,179.32368290005252,179.32368290005252,179.32368290005252,179.32368290005252,179.32368290005252,179.32368290005252,179.32368290005252,179.32368290005252,179.32368290005252,179.32368290005252,179.32368290005252,179.32368290005252,179.32368290005252,179.32368290005252,179.32368290005252,179.32368290005252,179.32368290005252,179.32368290005252,179.32368290005252,179.32368290005252,179.32368290005252,179.32368290005252,179.32368290005252,179.32368290005252,179.32368290005252,179.32368290005252,179.32368290005252,179.32368290005252,0.024779099971055984,179.32368290005252,179.32368290005252,[-0.20697551  0.35993775],[0.01299457 0.44640783],[ 0.20299233 -0.20185454],[ 0.28367093 -0.4463658 ],[-0.30595102  0.38786055],[-0.30914787 -0.36558701],[ 0.08462466 -0.18872188],[0.30668695 0.03412856],[-0.11885997 -0.1931427 ],[-0.19180102 -0.03246385],[0.30880439 0.44563032],[ 0.01593337 -0.00640544],[0.00405722 0.2165366 ],[-0.20405547 -0.24120574],[-0.08124596 -0.44096717],[0.09964644 0.35231722],[0.20999496 0.1569124 ],[-0.40560943  0.24558235],[-0.1010368   0.43443232],[-0.39312478 -0.44005121],[ 0.31865688 -0.1762398 ],[-0.40631692 -0.02820703],[-0.30592992 -0.20193212],[ 0.08595278 -0.35465235],[ 0.01495396 -0.44365597],[-0.11897472 -0.02852545],[ 0.0964847 -0.0276911],[-0.10484589  0.17041699],[-0.18125523  0.21327428],[ 0.19349822 -0.35990687],[-0.310622   0.1652601],[0.2871998  0.24359542],[ 0.00408404 -0.15418867],[ 0.1891689  -0.01240806],[-0.40050591  0.43597685],[0.21124431 0.352663  ],[-0.19436267 -0.36647561],[-0.41593433 -0.24483221],[0.09419758 0.18657139],[-0.29762593 -0.03272065],"[-0.2986111111111111, -0.0798611111111111, 0.2824074074074074, 0.2048611111111111, 0.20023148148148148, -0.011574074074074073, 0.09259259259259259, 0.008101851851851851, -0.09837962962962964, -0.1087962962962963]","[-0.3680555555555556, -0.4444444444444444, -0.44560185185185186, -0.2199074074074074, 0.15625, 0.21643518518518517, 0.35185185185185186, 0.4479166666666667, 0.4375, 0.16898148148148148]","[1, 1, 1, 1, 1, 1, 1, 1, 1, 1]","[0, 0, 0, 0, 0, 0, 0, 0, 0, 0]","[0, 0, 0, 0, 0, 0, 0, 0, 0, 0]","[1.3213477998506278, 1.9547971000429243, 3.0891149998642504, 3.7234883999917656, 4.898948200047016, 5.575842799851671, 6.941577599849552, 7.533642600057647, 8.295525499852374, 8.913049399852753]","['polygon_6', 'polygon_15', 'polygon_4', 'polygon_3', 'polygon_17', 'polygon_13', 'polygon_16', 'polygon_2', 'polygon_19', 'polygon_28']",None,82,2023-02-16_17h20.06.325,foraging_expt_polygons_hard_A,2022.2.5,60.68539291328812,
16,-0.1,-0.2,-0.4,0.2,0.2,0,0.3,0,-0.1,0,0.2,-0.4,0,0.4,0.3,-0.4,-0.3,0.4,-0.4,0,0,0.2,0.2,0.4,-0.4,-0.4,0.3,0.4,0.3,-0.2,0.2,0.2,-0.2,0,0.1,-0.2,0.1,0.4,-0.2,-0.4,0.3,0.2,-0.3,-0.4,0.1,0.2,0.1,0,-0.2,0.4,-0.2,0.2,-0.4,-0.2,-0.1,0.4,-0.2,-0.2,0.2,-0.2,0,0,-0.1,-0.4,-0.1,0.2,-0.3,0.2,-0.3,0,-0.3,-0.2,-0.4,0.4,0,-0.4,0,-0.2,0.1,-0.4,0,14,14,15,,,,,,,,,188.28033059998415,188.28033059998415,188.28033059998415,188.28033059998415,188.28033059998415,188.28033059998415,188.28033059998415,188.28033059998415,188.28033059998415,188.28033059998415,188.28033059998415,188.28033059998415,188.28033059998415,188.28033059998415,188.28033059998415,188.28033059998415,188.28033059998415,188.28033059998415,188.28033059998415,188.28033059998415,188.28033059998415,188.28033059998415,188.28033059998415,188.28033059998415,188.28033059998415,188.28033059998415,188.28033059998415,188.28033059998415,188.28033059998415,188.28033059998415,188.28033059998415,188.28033059998415,188.28033059998415,188.28033059998415,188.28033059998415,188.28033059998415,188.28033059998415,188.28033059998415,188.28033059998415,188.28033059998415,0.025821399874985218,188.28033059998415,188.28033059998415,[-0.11123631 -0.22534048],[-0.39647537  0.17226746],[0.19688691 0.01134163],[ 0.28782011 -0.01348623],[-0.08159743  0.03052402],[ 0.21490424 -0.38367768],[-0.01687481  0.39280078],[ 0.29942338 -0.4069381 ],[-0.28838931  0.41557907],[-0.40843456  0.03310883],[0.01101435 0.20218022],[0.18201659 0.3917724 ],[-0.39333423 -0.37113691],[0.30722832 0.39913642],[ 0.30903104 -0.18528219],[0.20286885 0.1727841 ],[-0.18268508  0.02302795],[ 0.11139438 -0.15671561],[0.09378264 0.38523031],[-0.19193241 -0.41349017],[0.31863953 0.16201823],[-0.2977453  -0.41864873],[0.10424369 0.19752415],[ 0.09211021 -0.04984101],[-0.21274741  0.40709436],[-0.2046208   0.15657071],[-0.3854481  -0.19521626],[-0.10516432  0.36320634],[-0.19852695 -0.20237346],[ 0.21537758 -0.19762288],[ 0.01989841 -0.02498539],[-0.09840038 -0.35045895],[-0.11833623  0.16739283],[-0.28141158  0.15040954],[-0.29878903 -0.03607577],[-0.29664697 -0.24506732],[-0.38305905  0.44266591],[ 0.00590938 -0.38695026],[ 0.01896478 -0.19039627],[ 0.10096149 -0.36467618],"[-0.1087962962962963, -0.2962962962962963, -0.027777777777777776, 0.09259259259259259, 0.1840277777777778, 0.3148148148148148, 0.2025462962962963, 0.02546296296296296, -0.3993055555555556, -0.41203703703703703, -0.17592592592592593, -0.08680555555555555, 0.3101851851851852, 0.11805555555555555, -0.09837962962962964, -0.3761574074074074, -0.1886574074074074, 0.22569444444444445, 0.3148148148148148]","[0.16898148148148148, 0.41435185185185186, 0.40162037037037035, 0.3738425925925926, 0.3912037037037037, 0.39699074074074076, 0.16666666666666666, 0.2025462962962963, 0.17708333333333334, 0.03935185185185185, 0.018518518518518517, 0.03935185185185185, -0.19675925925925927, -0.16550925925925927, -0.21875, -0.3738425925925926, -0.41550925925925924, -0.3761574074074074, -0.41087962962962965]","[1, 1, 1, 1, 1, 1, 1, 1, 1, 1, 1, 1, 1, 1, 1, 1, 1, 1, 1]","[0, 0, 0, 0, 0, 0, 0, 0, 0, 0, 0, 0, 0, 0, 0, 0, 0, 0, 0]","[0, 0, 0, 0, 0, 0, 0, 0, 0, 0, 0, 0, 0, 0, 0, 0, 0, 0, 0]","[0.0035207001492381096, 1.475568599998951, 2.3151697001885623, 3.196578700095415, 3.6895130001939833, 4.300710100214928, 5.521963700186461, 6.236421100096777, 9.549397099995986, 10.056710900040343, 10.712933900067583, 11.760658300016075, 13.160589100094512, 13.610896700061858, 14.278173900209367, 15.408543900121003, 15.901557700010017, 16.65152380010113, 17.119821100030094]","['polygon_33', 'polygon_9', 'polygon_7', 'polygon_19', 'polygon_12', 'polygon_14', 'polygon_16', 'polygon_11', 'polygon_2', 'polygon_10', 'polygon_17', 'polygon_5', 'polygon_15', 'polygon_18', 'polygon', 'polygon_13', 'polygon_20', 'polygon_6', 'polygon_8']",None,82,2023-02-16_17h20.06.325,foraging_expt_polygons_hard_A,2022.2.5,60.68539291328812,
