difficulty,common,person,trial,id,x,y,class
easy,A,1,1,1,0.00940519,-0.04527302,A
easy,A,1,1,2,-0.28404052,0.40787906,A
easy,A,1,1,3,-0.09914936,0.0086244,A
easy,A,1,1,4,-0.21607955,0.37049138,A
easy,A,1,1,5,-0.09539429,0.17670396,A
easy,A,1,1,6,-0.10554641,0.4317703,A
easy,A,1,1,7,-0.28950196,0.24977533,A
easy,A,1,1,8,0.20034043,0.36774636,A
easy,A,1,1,9,0.28765937,-0.03380002,A
easy,A,1,1,10,0.19003032,0.00114252,A
easy,A,1,1,11,-0.29554256,-0.379152,A
easy,A,1,1,12,-0.3953225,-0.00583946,A
easy,A,1,1,13,0.09597849,-0.42024267,A
easy,A,1,1,14,-0.20725857,-0.42497662,A
easy,A,1,1,15,-0.39150739,0.35146617,A
easy,A,1,1,16,-0.0199469,-0.4107184,B
easy,A,1,1,17,-0.21629151,0.00581916,B
easy,A,1,1,18,-0.18735702,0.20938898,B
easy,A,1,1,19,-0.11374561,-0.24876203,B
easy,A,1,1,20,0.30350421,-0.16064694,B
easy,A,1,2,1,-0.39052358,0.00170283,A
easy,A,1,2,2,0.20844526,0.23257508,A
easy,A,1,2,3,-0.20898503,0.01067392,A
easy,A,1,2,4,-0.09188587,0.23964117,A
easy,A,1,2,5,-0.09049233,-0.36425708,A
easy,A,1,2,6,-0.19632228,-0.40596355,A
easy,A,1,2,7,0.28701388,0.39661597,A
easy,A,1,2,8,-0.29851011,0.21058738,A
easy,A,1,2,9,0.20414945,-0.21114035,A
easy,A,1,2,10,0.28908317,0.1965972,A
easy,A,1,2,11,0.09660402,-0.42547794,A
easy,A,1,2,12,-0.41211739,-0.18058606,A
easy,A,1,2,13,-0.21466431,-0.18690314,A
easy,A,1,2,14,-0.2938035,-0.21401818,A
easy,A,1,2,15,3.2206e-4,0.20624257,A
easy,A,1,2,16,0.11486819,-0.17871658,B
easy,A,1,2,17,-0.30985858,-0.40935896,B
easy,A,1,2,18,-0.39941608,0.21297826,B
easy,A,1,2,19,4.2272e-4,-0.37460722,B
easy,A,1,2,20,-0.0014204,-5.9569e-4,B
easy,A,1,3,1,0.08147348,0.23249355,A
easy,A,1,3,2,0.20997993,-0.02020297,A
easy,A,1,3,3,0.28825665,0.44090072,A
easy,A,1,3,4,0.18004224,0.38608132,A
easy,A,1,3,5,-0.38423104,0.38896281,A
easy,A,1,3,6,0.31964017,-0.18067775,A
easy,A,1,3,7,0.19560378,-0.15246067,A
easy,A,1,3,8,-0.01367212,-0.20196127,A
easy,A,1,3,9,-0.39478314,-0.36561382,A
easy,A,1,3,10,0.28029549,-0.43672988,A
easy,A,1,3,11,-0.1989059,-0.15304086,A
easy,A,1,3,12,-0.30151369,0.18343325,A
easy,A,1,3,13,-0.00398792,0.18774129,A
easy,A,1,3,14,0.11625952,-0.39286549,A
easy,A,1,3,15,-0.01979817,-0.41230782,A
easy,A,1,3,16,-0.08293933,-0.01298974,B
easy,A,1,3,17,-0.19895964,0.04766398,B
easy,A,1,3,18,0.19107472,0.21130848,B
easy,A,1,3,19,-0.29344077,-0.19676172,B
easy,A,1,3,20,0.29966872,0.03698236,B
easy,A,1,4,1,-0.09864749,0.23665761,A
easy,A,1,4,2,0.2951772,-0.40979315,A
easy,A,1,4,3,-0.10000297,-0.36419689,A
easy,A,1,4,4,0.18081925,-0.39955146,A
easy,A,1,4,5,-0.29545847,0.41516418,A
easy,A,1,4,6,-0.19694105,-0.43774018,A
easy,A,1,4,7,-0.00328342,9.171e-4,A
easy,A,1,4,8,-0.29488627,-0.37622122,A
easy,A,1,4,9,-0.00443485,-0.2063747,A
easy,A,1,4,10,0.31018223,-0.03376695,A
easy,A,1,4,11,0.18689585,0.36479738,A
easy,A,1,4,12,0.01709716,-0.43946828,A
easy,A,1,4,13,-0.41561694,0.2497077,A
easy,A,1,4,14,-0.11644394,-0.21439991,A
easy,A,1,4,15,0.1153667,0.41297575,A
easy,A,1,4,16,-0.39976862,-0.23542234,B
easy,A,1,4,17,0.081993,-0.21760942,B
easy,A,1,4,18,0.11944024,0.04523654,B
easy,A,1,4,19,-0.00504998,0.38454202,B
easy,A,1,4,20,-0.00654521,0.23289104,B
easy,A,1,5,1,-0.21586829,0.44406677,A
easy,A,1,5,2,0.29957515,0.36669922,A
easy,A,1,5,3,-0.08665048,-0.19714297,A
easy,A,1,5,4,-0.19262291,0.22734531,A
easy,A,1,5,5,-0.10736539,-0.37218834,A
easy,A,1,5,6,0.09584455,0.41142023,A
easy,A,1,5,7,0.31075673,0.01680283,A
easy,A,1,5,8,-0.39631508,-0.39664725,A
easy,A,1,5,9,0.18319104,-0.42898471,A
easy,A,1,5,10,-0.30180349,-0.41268835,A
easy,A,1,5,11,0.08877196,0.02630679,A
easy,A,1,5,12,-0.29055187,0.23045671,A
easy,A,1,5,13,-0.18563789,0.03236864,A
easy,A,1,5,14,0.28703357,0.16503685,A
easy,A,1,5,15,0.11749783,-0.44193747,A
easy,A,1,5,16,-0.218389,-0.17147351,B
easy,A,1,5,17,0.2047368,0.17031721,B
easy,A,1,5,18,-0.21360887,-0.42231441,B
easy,A,1,5,19,-0.40286251,0.43429144,B
easy,A,1,5,20,0.29983822,-0.38370284,B
easy,AB,1,1,1,0.01696917,0.0310703,A
easy,AB,1,1,2,-0.3099464,0.43462693,A
easy,AB,1,1,3,-0.10192679,0.03933043,A
easy,AB,1,1,4,-0.18207833,0.38530923,A
easy,AB,1,1,5,-0.09841311,0.23971876,A
easy,AB,1,1,6,-0.10041565,0.4488309,A
easy,AB,1,1,7,-0.30865965,0.21471082,A
easy,AB,1,1,8,0.21610356,0.43562127,A
easy,AB,1,1,9,0.28346221,0.01843329,A
easy,AB,1,1,10,0.21373634,0.0069865,A
easy,AB,1,1,11,-0.31603038,-0.38941169,B
easy,AB,1,1,12,-0.38407516,-0.03837055,B
easy,AB,1,1,13,0.11145915,-0.43055175,B
easy,AB,1,1,14,-0.19110757,-0.40799001,B
easy,AB,1,1,15,-0.40642499,0.42337736,B
easy,AB,1,1,16,-0.00370496,-0.41047711,B
easy,AB,1,1,17,-0.18652577,-0.02510175,B
easy,AB,1,1,18,-0.1829368,0.19921315,B
easy,AB,1,1,19,-0.08195093,-0.15799067,B
easy,AB,1,1,20,0.29946551,-0.2150738,B
easy,AB,1,2,1,0.21115757,0.4306524,A
easy,AB,1,2,2,-0.0832463,-0.02559397,A
easy,AB,1,2,3,-0.2942897,-0.18936092,A
easy,AB,1,2,4,0.29590293,-0.17986288,A
easy,AB,1,2,5,-0.20509495,-0.18367042,A
easy,AB,1,2,6,-0.3913637,-0.0276852,A
easy,AB,1,2,7,-0.01394971,-0.20672768,A
easy,AB,1,2,8,0.29756481,-0.3654213,A
easy,AB,1,2,9,-0.39521511,-0.22865563,A
easy,AB,1,2,10,-0.09437186,0.43178782,A
easy,AB,1,2,11,-0.38531265,-0.41818007,B
easy,AB,1,2,12,-0.18223571,0.24190941999999999,B
easy,AB,1,2,13,-0.08418195,0.24808871,B
easy,AB,1,2,14,-0.19504613,-0.03727596,B
easy,AB,1,2,15,0.29947342,0.19988064,B
easy,AB,1,2,16,0.18595333,-0.00545667,B
easy,AB,1,2,17,-0.40049313,0.21652496,B
easy,AB,1,2,18,-0.11151699,-0.16937254,B
easy,AB,1,2,19,-0.41159344,0.42538363,B
easy,AB,1,2,20,0.31424616,-0.03105031,B
easy,AB,1,3,1,0.09490874,0.41851737,A
easy,AB,1,3,2,-0.31526756,0.35576757,A
easy,AB,1,3,3,-0.10912757,-0.03868528,A
easy,AB,1,3,4,-0.21422008,-0.0175866,A
easy,AB,1,3,5,0.19678411,-0.39022219,A
easy,AB,1,3,6,0.21270361,0.40518988,A
easy,AB,1,3,7,0.28042334,-0.18983799,A
easy,AB,1,3,8,0.20512657,0.16420416,A
easy,AB,1,3,9,0.28080751,-0.41247809,A
easy,AB,1,3,10,0.01539936,0.18851786,A
easy,AB,1,3,11,-0.38779152,0.38419582,B
easy,AB,1,3,12,-0.1191825,-0.22240326,B
easy,AB,1,3,13,-0.3012201,0.0255941,B
easy,AB,1,3,14,0.11237161,-0.23053533,B
easy,AB,1,3,15,-0.39026911,-0.24222367,B
easy,AB,1,3,16,-0.18735137,-0.41783439,B
easy,AB,1,3,17,0.28549005,0.44026112,B
easy,AB,1,3,18,-0.30642801,0.22990392,B
easy,AB,1,3,19,-0.2009348,0.41890114,B
easy,AB,1,3,20,-0.01718553,-0.40734364,B
easy,AB,1,4,1,-0.20174944,0.41638985,A
easy,AB,1,4,2,0.30010034,0.38665228,A
easy,AB,1,4,3,-0.10052169,-0.18486322,A
easy,AB,1,4,4,-0.21458919,0.23544992,A
easy,AB,1,4,5,-0.11078023,-0.37362192,A
easy,AB,1,4,6,0.11474151,0.40848972,A
easy,AB,1,4,7,0.31207661,0.01050893,A
easy,AB,1,4,8,-0.38799884,-0.38226521,A
easy,AB,1,4,9,0.20711332,-0.42031339,A
easy,AB,1,4,10,-0.28347448,-0.41462488,A
easy,AB,1,4,11,0.09309711,-0.02510609,B
easy,AB,1,4,12,-0.31557624,0.18651519,B
easy,AB,1,4,13,-0.18638615,-0.01959034,B
easy,AB,1,4,14,0.30898592,0.18265824,B
easy,AB,1,4,15,0.10437197,-0.43128379,B
easy,AB,1,4,16,-0.21030521,-0.24174598,B
easy,AB,1,4,17,0.19286251,0.20185184,B
easy,AB,1,4,18,-0.18226007,-0.37232934,B
easy,AB,1,4,19,-0.3883615,0.39797973,B
easy,AB,1,4,20,0.28803669,-0.3543721,B
easy,AB,1,5,1,-0.09807674,0.20922709,A
easy,AB,1,5,2,0.29608883,-0.39382386,A
easy,AB,1,5,3,-0.11910858,-0.42294925,A
easy,AB,1,5,4,0.19760123,-0.43279839,A
easy,AB,1,5,5,-0.29713798,0.35099697,A
easy,AB,1,5,6,-0.19849205,-0.35692152,A
easy,AB,1,5,7,0.0078317,0.03038292,A
easy,AB,1,5,8,-0.28003602,-0.37359809,A
easy,AB,1,5,9,-0.0102067,-0.24287478,A
easy,AB,1,5,10,0.30046747,0.03605473,A
easy,AB,1,5,11,0.18793316,0.37076846,B
easy,AB,1,5,12,-0.01027236,-0.44938271,B
easy,AB,1,5,13,-0.41635181,0.2177145,B
easy,AB,1,5,14,-0.09964242,-0.20756722,B
easy,AB,1,5,15,0.08513459,0.40402997,B
easy,AB,1,5,16,-0.41632424,-0.21174167,B
easy,AB,1,5,17,0.08761436,-0.17866972,B
easy,AB,1,5,18,0.09866123,0.01836637,B
easy,AB,1,5,19,-0.00435372,0.4206441,B
easy,AB,1,5,20,-0.0072329,0.18801514,B
easy,B,1,1,1,0.09730688,0.18645496,A
easy,B,1,1,2,0.18290201,0.00952191,A
easy,B,1,1,3,0.29064528,0.38193113,A
easy,B,1,1,4,0.20023754,0.3790316,A
easy,B,1,1,5,-0.38810077,0.40871401,A
easy,B,1,1,6,0.30925483,-0.2023447,B
easy,B,1,1,7,0.21162977,-0.18514847,B
easy,B,1,1,8,0.01294174,-0.20214096,B
easy,B,1,1,9,-0.38664921,-0.43374962,B
easy,B,1,1,10,0.28515528,-0.39209968,B
easy,B,1,1,11,-0.20261296,-0.19659041,B
easy,B,1,1,12,-0.30139804,0.20892898,B
easy,B,1,1,13,0.00638558,0.16935014,B
easy,B,1,1,14,0.09569342,-0.4097092,B
easy,B,1,1,15,0.01777125,-0.43283807,B
easy,B,1,1,16,-0.10379826,0.03407015,B
easy,B,1,1,17,-0.18437462,-0.03916241,B
easy,B,1,1,18,0.18019312,0.23081044,B
easy,B,1,1,19,-0.30706551,-0.20001765,B
easy,B,1,1,20,0.28724869,0.02833526,B
easy,B,1,2,1,-0.10700175,-0.4036664,A
easy,B,1,2,2,-0.18133014,-0.40912837,A
easy,B,1,2,3,0.0851153,-0.44361553,A
easy,B,1,2,4,-0.19021843,-0.03407637,A
easy,B,1,2,5,0.2943714,-0.36260741,A
easy,B,1,2,6,0.11020266,0.44449905,B
easy,B,1,2,7,-0.18168391,0.35406809,B
easy,B,1,2,8,-0.11221406,-0.15358313,B
easy,B,1,2,9,-0.28905152,0.15848918,B
easy,B,1,2,10,0.09421493,0.22982587,B
easy,B,1,2,11,-0.09378371,-0.01080623,B
easy,B,1,2,12,-0.38788466,-0.17528038,B
easy,B,1,2,13,0.1944871,0.42918928,B
easy,B,1,2,14,0.01456338,0.38981799,B
easy,B,1,2,15,0.01207603,-0.39634242,B
easy,B,1,2,16,0.08975694,-0.22346704,B
easy,B,1,2,17,0.2090195,0.17523765,B
easy,B,1,2,18,0.09465798,-0.03268126,B
easy,B,1,2,19,0.30701962,0.19043717,B
easy,B,1,2,20,-0.28790324,-0.19187423,B
easy,B,1,3,1,0.01440906,-0.174696,A
easy,B,1,3,2,-0.21553595,0.04542852,A
easy,B,1,3,3,-0.28288026,-0.19242424,A
easy,B,1,3,4,-0.20352266,0.39741797,A
easy,B,1,3,5,0.10488619,-0.04023425,A
easy,B,1,3,6,0.11658622,0.43295009,B
easy,B,1,3,7,0.08256538,-0.42654283,B
easy,B,1,3,8,0.30858064,0.42581982,B
easy,B,1,3,9,0.29114716,-0.41551024,B
easy,B,1,3,10,-0.29085687,-0.01294626,B
easy,B,1,3,11,0.18660683,0.22774264,B
easy,B,1,3,12,0.00662553,-0.40598005,B
easy,B,1,3,13,-0.29613161,-0.41943902,B
easy,B,1,3,14,-0.21455171,-0.44346685,B
easy,B,1,3,15,0.08832921,-0.15547779,B
easy,B,1,3,16,-0.01128403,0.354175,B
easy,B,1,3,17,0.29103897,-0.02295355,B
easy,B,1,3,18,0.18459378,-0.36185127,B
easy,B,1,3,19,0.28106854,-0.17414881,B
easy,B,1,3,20,0.11742279,0.22502315,B
easy,B,1,4,1,-0.09791721,-0.43136878,A
easy,B,1,4,2,-0.1899578,-0.16002438,A
easy,B,1,4,3,0.00501424,-0.01596261,A
easy,B,1,4,4,0.11797117,-0.029245,A
easy,B,1,4,5,0.00522644,-0.19920067,A
easy,B,1,4,6,-0.30104674,0.39869755,B
easy,B,1,4,7,-0.09847291,0.41236581,B
easy,B,1,4,8,-0.304211832,-1.74837347e-4,B
easy,B,1,4,9,-0.30343004,-0.18066793,B
easy,B,1,4,10,0.31296128,0.21715862,B
easy,B,1,4,11,-0.11690623,-0.19887548,B
easy,B,1,4,12,0.10026551,0.43008665,B
easy,B,1,4,13,0.21049922,0.15837461,B
easy,B,1,4,14,0.20767602,-0.2334692,B
easy,B,1,4,15,0.18939378,0.35691181,B
easy,B,1,4,16,-0.19590036,0.44368212,B
easy,B,1,4,17,-0.38031203,-0.40856133,B
easy,B,1,4,18,-0.31239451,-0.41559327,B
easy,B,1,4,19,0.31614334,0.03368838,B
easy,B,1,4,20,-0.31924056,0.22080447,B
easy,B,1,5,1,0.20169976,-0.03034766,A
easy,B,1,5,2,-0.00815956,-6.2013e-4,A
easy,B,1,5,3,-0.09642985,-0.0154623,A
easy,B,1,5,4,0.09354234,0.01794072,A
easy,B,1,5,5,-0.38318258,-0.42443054,A
easy,B,1,5,6,-0.20852593,0.3687773,B
easy,B,1,5,7,0.31035341,-0.20983671,B
easy,B,1,5,8,-0.11578129,-0.2208815,B
easy,B,1,5,9,0.10209492,-0.21758445,B
easy,B,1,5,10,0.20239044,0.2315782,B
easy,B,1,5,11,-0.38208661,0.00127922,B
easy,B,1,5,12,-0.29573813,0.22298373,B
easy,B,1,5,13,0.30080695,0.00278068,B
easy,B,1,5,14,0.31896281,-0.42970096,B
easy,B,1,5,15,0.20654752,-0.22549138,B
easy,B,1,5,16,0.31890369,0.37481862,B
easy,B,1,5,17,-0.00395771,-0.24757655,B
easy,B,1,5,18,-0.28178655,-0.38289404,B
easy,B,1,5,19,0.01359454,-0.41657758,B
easy,B,1,5,20,-0.31011669,0.43164628,B
hard,A,1,1,1,-0.10860288,0.23591513,A
hard,A,1,1,2,0.28973523,0.2475424,A
hard,A,1,1,3,-0.39733531,-0.37300438,A
hard,A,1,1,4,0.31619258,-0.20700104,A
hard,A,1,1,5,0.30851659,0.36167593,A
hard,A,1,1,6,-0.29267228,-0.22401111,A
hard,A,1,1,7,-0.10665474,0.40785293,A
hard,A,1,1,8,0.08693671,-0.44183828000000003,A
hard,A,1,1,9,-0.10792288,-0.41222095,A
hard,A,1,1,10,0.18287937,0.03757669,A
hard,A,1,1,11,0.21471043,-0.35515839,A
hard,A,1,1,12,-0.30827482,-0.36046603,A
hard,A,1,1,13,-0.19971395,0.03650762,A
hard,A,1,1,14,0.09203384,-0.20400432,A
hard,A,1,1,15,-0.31792098,-0.035556,A
hard,A,1,1,16,0.29653194,-0.01884518,B
hard,A,1,1,17,-0.20811571,-0.18024303,B
hard,A,1,1,18,-0.38686971,0.39888035,B
hard,A,1,1,19,0.10607225,0.00204314,B
hard,A,1,1,20,-0.40280604,-0.23135416,B
hard,A,1,2,1,0.01102868,0.04502187,A
hard,A,1,2,2,-0.30770184,0.41912071,A
hard,A,1,2,3,-0.10355334,-0.00279308,A
hard,A,1,2,4,-0.19596151,0.41230506,A
hard,A,1,2,5,-0.09129673,0.21927783,A
hard,A,1,2,6,-0.10773643,0.35323978,A
hard,A,1,2,7,-0.30367662,0.15985838,A
hard,A,1,2,8,0.20266177,0.40822842,A
hard,A,1,2,9,0.30803559,-0.03655377,A
hard,A,1,2,10,0.20757127,0.02616558,A
hard,A,1,2,11,-0.29004678,-0.40583566,A
hard,A,1,2,12,-0.40956219,-0.00987832,A
hard,A,1,2,13,0.10127109,-0.37089983,A
hard,A,1,2,14,-0.1810693,-0.40269323,A
hard,A,1,2,15,-0.39827955,0.44536759,A
hard,A,1,2,16,-0.01162106,-0.35880404,B
hard,A,1,2,17,-0.21084663,-0.03841857,B
hard,A,1,2,18,-0.20115787,0.20949417,B
hard,A,1,2,19,-0.10244146,-0.19394566,B
hard,A,1,2,20,0.2907312,-0.20418172,B
hard,A,1,3,1,-0.21498996,0.40829734,A
hard,A,1,3,2,-0.01217099,0.42685267,A
hard,A,1,3,3,0.19130631,-0.22965861,A
hard,A,1,3,4,0.31887918,-0.38336926,A
hard,A,1,3,5,-0.30016906,0.37529128,A
hard,A,1,3,6,-0.31863493,-0.42561663,A
hard,A,1,3,7,0.11583151,-0.24826936,A
hard,A,1,3,8,0.31417498,-0.02586244,A
hard,A,1,3,9,-0.08624837,-0.15596445,A
hard,A,1,3,10,-0.18948212,-0.04242731,A
hard,A,1,3,11,0.30148078,0.43332842,A
hard,A,1,3,12,0.01230183,-0.02452786,A
hard,A,1,3,13,0.007429,0.23820282,A
hard,A,1,3,14,-0.20510346,-0.20236589,A
hard,A,1,3,15,-0.0872081,-0.39410844,A
hard,A,1,3,16,0.11300098,0.40567911,B
hard,A,1,3,17,0.18891759,0.16122619,B
hard,A,1,3,18,-0.3937701,0.21968897,B
hard,A,1,3,19,-0.09422059,0.4058584,B
hard,A,1,3,20,-0.39720418,-0.35073163,B
hard,A,1,4,1,-0.09658103,0.19069294,A
hard,A,1,4,2,0.30428459,-0.36713368,A
hard,A,1,4,3,-0.11421984,-0.36585009,A
hard,A,1,4,4,0.18890451,-0.37069236,A
hard,A,1,4,5,-0.31349032,0.42253635,A
hard,A,1,4,6,-0.18512648,-0.36103169,A
hard,A,1,4,7,-0.0092726,0.04494011,A
hard,A,1,4,8,-0.29111178,-0.44054743,A
hard,A,1,4,9,0.00192821,-0.15862701,A
hard,A,1,4,10,0.28332091,-0.03463077,A
hard,A,1,4,11,0.18259309,0.35067478,A
hard,A,1,4,12,0.01653569,-0.39656752,A
hard,A,1,4,13,-0.40157474,0.19897151,A
hard,A,1,4,14,-0.11145791,-0.23504867,A
hard,A,1,4,15,0.11203721,0.36998316,A
hard,A,1,4,16,-0.39747872,-0.21801763,B
hard,A,1,4,17,0.11912259,-0.22340187,B
hard,A,1,4,18,0.09626329,-0.04663722,B
hard,A,1,4,19,0.01109311,0.39344526,B
hard,A,1,4,20,-8.77754442e-5,0.217510097,B
hard,A,1,7,1,-0.29549825,-0.4056388,A
hard,A,1,7,2,-0.41601087,0.41420758,A
hard,A,1,7,3,-0.19561153,0.43020178,A
hard,A,1,7,4,-0.18994431,-0.00665849,A
hard,A,1,7,5,0.1928948,0.02855953,A
hard,A,1,7,6,0.19356355,-0.36526567,A
hard,A,1,7,7,0.30617507,-0.17339052,A
hard,A,1,7,8,-0.29840384,0.20590525,A
hard,A,1,7,9,0.18550702,0.17706117,A
hard,A,1,7,10,0.10032231,-0.44504436000000003,A
hard,A,1,7,11,0.31606447,-0.40551147,A
hard,A,1,7,12,0.20877075,0.41854241,A
hard,A,1,7,13,-0.21266695,-0.44424787,A
hard,A,1,7,14,-0.11595916,0.38666445,A
hard,A,1,7,15,0.211745,-0.17422947,A
hard,A,1,7,16,-0.00199533,-0.17692856,B
hard,A,1,7,17,-0.09601195,0.17911204,B
hard,A,1,7,18,0.10914856,0.43421323,B
hard,A,1,7,19,-0.09907193,4.9533e-4,B
hard,A,1,7,20,-0.39019046,5.6605e-4,B
hard,AB,1,1,1,0.09975445,0.3702168,A
hard,AB,1,1,2,-0.31222701,0.37491903,A
hard,AB,1,1,3,-0.1058219,-0.03105021,A
hard,AB,1,1,4,-0.18131659,0.03813251,A
hard,AB,1,1,5,0.19141538,-0.36848156,A
hard,AB,1,1,6,0.21938495,0.36213645,A
hard,AB,1,1,7,0.30831015,-0.15167746,A
hard,AB,1,1,8,0.20420081,0.22921332,A
hard,AB,1,1,9,0.31767401,-0.39939704,A
hard,AB,1,1,10,-0.00886501,0.17558386,A
hard,AB,1,1,11,-0.40090244,0.36761173,B
hard,AB,1,1,12,-0.11037174,-0.21245042,B
hard,AB,1,1,13,-0.29834345,0.04875796,B
hard,AB,1,1,14,0.10152167,-0.16639663,B
hard,AB,1,1,15,-0.39111502,-0.22132266,B
hard,AB,1,1,16,-0.20328811,-0.39260215,B
hard,AB,1,1,17,0.30074537,0.43235716,B
hard,AB,1,1,18,-0.28750404,0.16892274,B
hard,AB,1,1,19,-0.21423449,0.4027983,B
hard,AB,1,1,20,0.01858292,-0.36938495,B
hard,AB,1,2,1,-0.40249267,-0.03509438,A
hard,AB,1,2,2,-0.29126536,-0.23602196,A
hard,AB,1,2,3,0.08740254,-0.35811523,A
hard,AB,1,2,4,-0.20324809,-0.42517615,A
hard,AB,1,2,5,-0.08767558,-0.42008064,A
hard,AB,1,2,6,0.31612426,0.00592315,A
hard,AB,1,2,7,-0.41344136,-0.18036249,A
hard,AB,1,2,8,0.11092188,0.02814977,A
hard,AB,1,2,9,0.10524888,0.39997695,A
hard,AB,1,2,10,0.00749704,0.3511688,A
hard,AB,1,2,11,0.21304137,-0.22445032,B
hard,AB,1,2,12,-0.08602306,0.22893392,B
hard,AB,1,2,13,0.30911165,-0.21035572,B
hard,AB,1,2,14,0.11000393,0.18424104,B
hard,AB,1,2,15,-0.08235458,0.41932126,B
hard,AB,1,2,16,0.28171771,0.44047476,B
hard,AB,1,2,17,0.21427263,0.23547004,B
hard,AB,1,2,18,-0.1019311,-0.17913298,B
hard,AB,1,2,19,0.21297083,0.37257865,B
hard,AB,1,2,20,-0.28841386,0.23380003,B
hard,AB,1,3,1,-0.10200701,0.19735766,A
hard,AB,1,3,2,0.28718136,0.22146121,A
hard,AB,1,3,3,-0.41248775,-0.37814742,A
hard,AB,1,3,4,0.28469735,-0.19472118,A
hard,AB,1,3,5,0.28815606,0.38190424,A
hard,AB,1,3,6,-0.31134765,-0.22576356,A
hard,AB,1,3,7,-0.10703843,0.37081418,A
hard,AB,1,3,8,0.09208622,-0.37522447,A
hard,AB,1,3,9,-0.0888962,-0.36683511,A
hard,AB,1,3,10,0.19824719,0.01396191,A
hard,AB,1,3,11,0.18234436,-0.41760848,B
hard,AB,1,3,12,-0.29181544,-0.39744211,B
hard,AB,1,3,13,-0.19689958,-0.01761694,B
hard,AB,1,3,14,0.08226639,-0.17081678,B
hard,AB,1,3,15,-0.29394198,-0.04993388,B
hard,AB,1,3,16,0.31199947,-0.02567537,B
hard,AB,1,3,17,-0.19155837,-0.18383403,B
hard,AB,1,3,18,-0.39985239,0.44651457,B
hard,AB,1,3,19,0.10556885,0.01237052,B
hard,AB,1,3,20,-0.40957909,-0.21953173,B
hard,AB,1,4,1,-0.1809539,0.23823296,A
hard,AB,1,4,2,0.20422895,0.44962937,A
hard,AB,1,4,3,-0.00480478,-0.39127873,A
hard,AB,1,4,4,-0.39750125,0.20899168,A
hard,AB,1,4,5,0.10277771,-0.02671076,A
hard,AB,1,4,6,-0.01438041,0.16581477,A
hard,AB,1,4,7,-0.29225953,-0.19299083,A
hard,AB,1,4,8,-0.29888274,-0.02421153,A
hard,AB,1,4,9,-0.11736998,0.19311293,A
hard,AB,1,4,10,0.10586703,-0.18860312,A
hard,AB,1,4,11,-0.01331987,0.370943,B
hard,AB,1,4,12,-0.39535631,-0.20331507,B
hard,AB,1,4,13,-0.19946734,0.04705476,B
hard,AB,1,4,14,-0.21605074,-0.17153667,B
hard,AB,1,4,15,-0.29110516,0.15029051,B
hard,AB,1,4,16,0.30682273,-0.22523661,B
hard,AB,1,4,17,-0.18093045,-0.43078191,B
hard,AB,1,4,18,0.18584029,-0.16521489,B
hard,AB,1,4,19,-0.39511731,0.01030979,B
hard,AB,1,4,20,-0.41236534,-0.4465115,B
hard,AB,1,5,1,-0.31671327,-0.37192217,A
hard,AB,1,5,2,-0.41467343,0.37700467,A
hard,AB,1,5,3,-0.18011898,0.35791692,A
hard,AB,1,5,4,-0.19516179,-0.02263147,A
hard,AB,1,5,5,0.19148497,-0.01534348,A
hard,AB,1,5,6,0.20566343,-0.4014602,A
hard,AB,1,5,7,0.28877556,-0.19843184,A
hard,AB,1,5,8,-0.28524635,0.17452797,A
hard,AB,1,5,9,0.19116553,0.17134903,A
hard,AB,1,5,10,0.098284850000000007,-0.39469251,A
hard,AB,1,5,11,0.29499457,-0.36674448,B
hard,AB,1,5,12,0.19007301,0.44808629,B
hard,AB,1,5,13,-0.18269375,-0.37934114,B
hard,AB,1,5,14,-0.10392932,0.38819021,B
hard,AB,1,5,15,0.19735005,-0.23119797,B
hard,AB,1,5,16,0.01531256,-0.18671759,B
hard,AB,1,5,17,-0.11345449,0.23511133,B
hard,AB,1,5,18,0.09429139,0.36584184,B
hard,AB,1,5,19,-0.11762977,-0.01250831,B
hard,AB,1,5,20,-0.38022263,0.00919478,B
hard,B,1,1,1,0.31488826,0.43622699,A
hard,B,1,1,2,-0.38397456,-0.39624329,A
hard,B,1,1,3,0.19038138,-0.02031293,A
hard,B,1,1,4,0.21308117,0.43498003,A
hard,B,1,1,5,-0.30988439,-0.16035825,A
hard,B,1,1,6,-0.10524209,-0.19852789,B
hard,B,1,1,7,-0.41117318,0.19275737,B
hard,B,1,1,8,0.28264657,0.17631362,B
hard,B,1,1,9,-0.00501762,0.44444396,B
hard,B,1,1,10,0.28505046,-0.37062311,B
hard,B,1,1,11,-0.38289104,0.42104824,B
hard,B,1,1,12,0.09301992,0.16618291,B
hard,B,1,1,13,-0.40661757,0.0061513,B
hard,B,1,1,14,-0.29587599,-0.43668108,B
hard,B,1,1,15,0.11454702,0.40722554,B
hard,B,1,1,16,-0.28397512,-0.01107786,B
hard,B,1,1,17,-0.09866537,0.0039438,B
hard,B,1,1,18,0.29644353,-0.24174708,B
hard,B,1,1,19,-0.20379914,0.40695198,B
hard,B,1,1,20,-0.00804705,-0.03363947,B
hard,B,1,2,1,-0.18020027,0.35494216,A
hard,B,1,2,2,-0.00226869,0.41776034,A
hard,B,1,2,3,0.19204345,-0.22345424,A
hard,B,1,2,4,0.28154956,-0.39204019,A
hard,B,1,2,5,-0.29974767,0.43002298,A
hard,B,1,2,6,-0.29141375,-0.37198345,B
hard,B,1,2,7,0.11641178,-0.22873458,B
hard,B,1,2,8,0.2862272,-0.04557478,B
hard,B,1,2,9,-0.11487145,-0.20102571,B
hard,B,1,2,10,-0.19436189,0.04303838,B
hard,B,1,2,11,0.30459805,0.43934824,B
hard,B,1,2,12,-0.00618107,-0.04136654,B
hard,B,1,2,13,0.00670286,0.21688023,B
hard,B,1,2,14,-0.18952394,-0.22104764,B
hard,B,1,2,15,-0.1003211,-0.40585389,B
hard,B,1,2,16,0.11604227,0.37479522,B
hard,B,1,2,17,0.19276571,0.18809529,B
hard,B,1,2,18,-0.40035293,0.16471694,B
hard,B,1,2,19,-0.10182645,0.42305871,B
hard,B,1,2,20,-0.40959022,-0.43593007,B
hard,B,1,3,1,0.10471553,0.43696995,A
hard,B,1,3,2,-0.30522121,-0.15384708,A
hard,B,1,3,3,-0.00874893,0.22653632,A
hard,B,1,3,4,-0.41801511,0.22334866,A
hard,B,1,3,5,0.3123543,-0.39923327,A
hard,B,1,3,6,-0.19478158,0.40149144,B
hard,B,1,3,7,0.11513455,-0.22036923,B
hard,B,1,3,8,-0.41260159,0.35325341,B
hard,B,1,3,9,-0.4058889,-0.03053667,B
hard,B,1,3,10,-0.01537427,-0.36521898,B
hard,B,1,3,11,0.0115185,0.36942112,B
hard,B,1,3,12,0.29214667,-0.24343344,B
hard,B,1,3,13,0.18883418,-0.24155043,B
hard,B,1,3,14,-0.2193478,-0.21401381,B
hard,B,1,3,15,-0.08610193,-0.4283517,B
hard,B,1,3,16,0.28835755,0.41248821,B
hard,B,1,3,17,-0.29189035,0.22468723,B
hard,B,1,3,18,-0.2118629,-0.44082371,B
hard,B,1,3,19,0.00225432,-0.15913415,B
hard,B,1,3,20,-0.40560604,-0.41049805,B
hard,B,1,4,1,-0.30633767,-0.22311365,A
hard,B,1,4,2,-0.08195701,0.41846703,A
hard,B,1,4,3,-0.18871708,0.42820595,A
hard,B,1,4,4,0.11962697,0.4133528,A
hard,B,1,4,5,0.0813523,-0.38033086,A
hard,B,1,4,6,0.11703659,-0.16642927,B
hard,B,1,4,7,-0.4079617,0.16909126,B
hard,B,1,4,8,0.10348925,-0.03408954,B
hard,B,1,4,9,-0.39304937,0.41331951,B
hard,B,1,4,10,0.01772265,0.1717341,B
hard,B,1,4,11,0.30019973,0.44386023,B
hard,B,1,4,12,0.20163981,-0.17710515,B
hard,B,1,4,13,-0.08536342,0.22145761,B
hard,B,1,4,14,-0.30584996,0.35448369,B
hard,B,1,4,15,0.00731824,0.36037909,B
hard,B,1,4,16,-0.11180494,-0.44290371,B
hard,B,1,4,17,0.21761428,-0.03453887,B
hard,B,1,4,18,-0.21288291,-0.37906124,B
hard,B,1,4,19,0.29403813,-0.22609787,B
hard,B,1,4,20,-0.211236,-0.18097701,B
hard,B,1,5,1,0.08693796,0.21953675,A
hard,B,1,5,2,0.19748786,0.01188564,A
hard,B,1,5,3,0.31697462,0.3530088,A
hard,B,1,5,4,0.19017045,0.43365855,A
hard,B,1,5,5,-0.38252146,0.41910482,A
hard,B,1,5,6,0.31953676,-0.24765452,B
hard,B,1,5,7,0.18575737,-0.16920881,B
hard,B,1,5,8,0.0108554,-0.15651046,B
hard,B,1,5,9,-0.3836147,-0.35013136,B
hard,B,1,5,10,0.28983116,-0.35514799,B
hard,B,1,5,11,-0.18949241,-0.2231056,B
hard,B,1,5,12,-0.29583706,0.22130382,B
hard,B,1,5,13,-0.00808909,0.22624363,B
hard,B,1,5,14,0.11818139,-0.37057468,B
hard,B,1,5,15,-0.01008992,-0.41688355,B
hard,B,1,5,16,-0.1116021,-0.01789097,B
hard,B,1,5,17,-0.18774492,0.00337248,B
hard,B,1,5,18,0.20522059,0.18220227,B
hard,B,1,5,19,-0.30347048,-0.24978516,B
hard,B,1,5,20,0.29514537,0.04286884,B
easy,A,2,1,1,0.31257851,0.38704558,A
easy,A,2,1,2,-0.41523425,-0.36955852,A
easy,A,2,1,3,0.19139274,0.02806827,A
easy,A,2,1,4,0.18565955,0.41122974,A
easy,A,2,1,5,-0.31315737,-0.18427247,A
easy,A,2,1,6,-0.11238618,-0.18195454,A
easy,A,2,1,7,-0.41970902,0.20013226,A
easy,A,2,1,8,0.28264906,0.21586192,A
easy,A,2,1,9,-9.1479e-4,0.44765201,A
easy,A,2,1,10,0.29397006999999997,-0.42414723,A
easy,A,2,1,11,-0.38969418,0.41380308,A
easy,A,2,1,12,0.10458753,0.18165274,A
easy,A,2,1,13,-0.40558876,0.03921031,A
easy,A,2,1,14,-0.28250348,-0.38378792,A
easy,A,2,1,15,0.10162666,0.40357873,A
easy,A,2,1,16,-0.30161795,-0.03509545,B
easy,A,2,1,17,-0.08651644,0.00259089,B
easy,A,2,1,18,0.28923551,-0.22553143,B
easy,A,2,1,19,-0.19510176,0.43296884,B
easy,A,2,1,20,-0.01541876,0.0200543,B
easy,A,2,2,1,-0.19524066,0.44976413,A
easy,A,2,2,2,-0.0089703,0.40567346,A
easy,A,2,2,3,0.20186564,-0.24413667,A
easy,A,2,2,4,0.31464426,-0.44949046,A
easy,A,2,2,5,-0.30085509,0.37764731,A
easy,A,2,2,6,-0.31854551,-0.44497031,A
easy,A,2,2,7,0.08160202,-0.17598599,A
easy,A,2,2,8,0.28797269,0.04188536,A
easy,A,2,2,9,-0.11495309,-0.18178387,A
easy,A,2,2,10,-0.19369965,-0.01993341,A
easy,A,2,2,11,0.28598007,0.38623786,A
easy,A,2,2,12,-0.00292019,-0.02382502,A
easy,A,2,2,13,0.01503312,0.23766412,A
easy,A,2,2,14,-0.1821126,-0.22069731,A
easy,A,2,2,15,-0.11713931,-0.42042557,A
easy,A,2,2,16,0.09325373,0.37981006,B
easy,A,2,2,17,0.20350777,0.17127419,B
easy,A,2,2,18,-0.39766296,0.16374968,B
easy,A,2,2,19,-0.10752483,0.35345621,B
easy,A,2,2,20,-0.38999259,-0.42552647,B
easy,A,2,3,1,0.11241231,0.44264223,A
easy,A,2,3,2,-0.29832963,-0.17231691,A
easy,A,2,3,3,-0.00862754,0.24984044,A
easy,A,2,3,4,-0.41526491,0.21194315,A
easy,A,2,3,5,0.30794466,-0.44055494,A
easy,A,2,3,6,-0.19178562,0.43321403000000003,A
easy,A,2,3,7,0.10494241,-0.22976797,A
easy,A,2,3,8,-0.41613546,0.41225581,A
easy,A,2,3,9,-0.40903479,-0.02459781,A
easy,A,2,3,10,-0.01152578,-0.44318504,A
easy,A,2,3,11,0.00963073,0.3948773,A
easy,A,2,3,12,0.3024504,-0.19486475,A
easy,A,2,3,13,0.19543213,-0.19720123,A
easy,A,2,3,14,-0.21890676,-0.21683126,A
easy,A,2,3,15,-0.08629104,-0.3621565,A
easy,A,2,3,16,0.31965022,0.40017603,B
easy,A,2,3,17,-0.3198491,0.22845638,B
easy,A,2,3,18,-0.19182612,-0.44940912,B
easy,A,2,3,19,-0.00874976,-0.22400226,B
easy,A,2,3,20,-0.38579514,-0.42765186,B
easy,A,2,4,1,-0.09293841,-0.36399671,A
easy,A,2,4,2,-0.21551581,-0.39518319,A
easy,A,2,4,3,0.11528703,-0.38457182,A
easy,A,2,4,4,-0.19754498,-0.03625052,A
easy,A,2,4,5,0.30597682,-0.43634603,A
easy,A,2,4,6,0.11335719,0.42779165,A
easy,A,2,4,7,-0.20883671,0.44421337,A
easy,A,2,4,8,-0.0891452,-0.24454388,A
easy,A,2,4,9,-0.30224578,0.18579559,A
easy,A,2,4,10,0.11151709,0.16089248,A
easy,A,2,4,11,-0.10671493,0.03929886,A
easy,A,2,4,12,-0.40949041,-0.17669064,A
easy,A,2,4,13,0.20887166,0.3732193,A
easy,A,2,4,14,0.01224779,0.38755288,A
easy,A,2,4,15,-0.01822251,-0.38574788,A
easy,A,2,4,16,0.08282423,-0.18237021,B
easy,A,2,4,17,0.20524373,0.15625336,B
easy,A,2,4,18,0.10051839,-0.04385632,B
easy,A,2,4,19,0.30809781,0.16835589,B
easy,A,2,4,20,-0.29838896,-0.2284116,B
easy,A,2,5,1,0.11556071,-0.21532784,A
easy,A,2,5,2,0.2126837,-0.21267058,A
easy,A,2,5,3,0.01406047,0.43694104,A
easy,A,2,5,4,-0.19909672,0.22723895,A
easy,A,2,5,5,-0.3184155,-0.21221756,A
easy,A,2,5,6,-0.30811229,-0.00713995,A
easy,A,2,5,7,0.29112617,-0.36454709,A
easy,A,2,5,8,0.31735162,0.23770516,A
easy,A,2,5,9,-0.08422621,-0.21701909,A
easy,A,2,5,10,0.00543258,-0.35947235,A
easy,A,2,5,11,-0.0898322,-0.4181572,A
easy,A,2,5,12,0.29631483,-0.0160896,A
easy,A,2,5,13,0.08039715,0.39701293,A
easy,A,2,5,14,0.11809867,0.23852337,A
easy,A,2,5,15,-0.19765499,0.36312846,A
easy,A,2,5,16,-0.08684535,0.38981637,B
easy,A,2,5,17,-0.21189587,-0.39751576,B
easy,A,2,5,18,-0.28503868,-0.44887427,B
easy,A,2,5,19,-0.40185231,-0.37062595,B
easy,A,2,5,20,0.10938053,-0.04310263,B
easy,AB,2,3,1,0.18780027,0.3962231,A
easy,AB,2,3,2,-0.11126933,-0.04565042,A
easy,AB,2,3,3,-0.29030025,-0.20035052,A
easy,AB,2,3,4,0.29311344,-0.16170449,A
easy,AB,2,3,5,-0.18219719,-0.24964568,A
easy,AB,2,3,6,-0.38702898,-0.00298058,A
easy,AB,2,3,7,0.00123474,-0.20670049,A
easy,AB,2,3,8,0.29112111,-0.39030056,A
easy,AB,2,3,9,-0.40900317,-0.18006717,A
easy,AB,2,3,10,-0.09764075,0.44698458,A
easy,AB,2,3,11,-0.3927173,-0.36586784,B
easy,AB,2,3,12,-0.1906982,0.19560357,B
easy,AB,2,3,13,-0.10030664,0.20193911,B
easy,AB,2,3,14,-0.19142463,0.04757576,B
easy,AB,2,3,15,0.30869758,0.21088538,B
easy,AB,2,3,16,0.21086945000000001,0.03695001,B
easy,AB,2,3,17,-0.40389204,0.20921333,B
easy,AB,2,3,18,-0.10483318,-0.18261215,B
easy,AB,2,3,19,-0.39370883,0.39972876,B
easy,AB,2,3,20,0.31714076,0.03887121,B
easy,AB,2,4,1,-0.0990209,0.23300998,A
easy,AB,2,4,2,0.2846875,0.15350152,A
easy,AB,2,4,3,-0.4029271,-0.41769139,A
easy,AB,2,4,4,0.31119509,-0.2348087,A
easy,AB,2,4,5,0.30447345,0.44397259,A
easy,AB,2,4,6,-0.28738628,-0.2298927,A
easy,AB,2,4,7,-0.1172481,0.39853301,A
easy,AB,2,4,8,0.10603304,-0.42948129,A
easy,AB,2,4,9,-0.0901339,-0.37706915,A
easy,AB,2,4,10,0.19031327,-0.0171361,A
easy,AB,2,4,11,0.20835097,-0.42304072,B
easy,AB,2,4,12,-0.29450971,-0.39708599,B
easy,AB,2,4,13,-0.20778847,-0.02685351,B
easy,AB,2,4,14,0.10094145,-0.18382224,B
easy,AB,2,4,15,-0.31225394,0.04155711,B
easy,AB,2,4,16,0.299692332,-1.11895023e-4,B
easy,AB,2,4,17,-0.19228377,-0.20286894,B
easy,AB,2,4,18,-0.41632012,0.39475338,B
easy,AB,2,4,19,0.10390405,-0.03161359,B
easy,AB,2,4,20,-0.39544906,-0.21648053,B
easy,AB,2,5,1,-0.41549949,-0.03467685,A
easy,AB,2,5,2,-0.30819237,-0.19059518,A
easy,AB,2,5,3,0.09206414,-0.40591962,A
easy,AB,2,5,4,-0.18863385,-0.40042156,A
easy,AB,2,5,5,-0.10012794,-0.41062237,A
easy,AB,2,5,6,0.30240261,0.03805244,A
easy,AB,2,5,7,-0.40557534,-0.16023548,A
easy,AB,2,5,8,0.11576984,8.1657e-4,A
easy,AB,2,5,9,0.09690972,0.37017369,A
easy,AB,2,5,10,0.00308903,0.3524841,A
easy,AB,2,5,11,0.19701736,-0.23329715,B
easy,AB,2,5,12,-0.10211471,0.18786255,B
easy,AB,2,5,13,0.30108006,-0.24228916,B
easy,AB,2,5,14,0.11826025,0.21594959,B
easy,AB,2,5,15,-0.08353169,0.38706093,B
easy,AB,2,5,16,0.2902759,0.38092874,B
easy,AB,2,5,17,0.18573529,0.16201889,B
easy,AB,2,5,18,-0.11649669,-0.18303794,B
easy,AB,2,5,19,0.20922764,0.3510816,B
easy,AB,2,5,20,-0.3097891,0.22762491,B
easy,AB,2,6,1,0.09762631,0.38652655,A
easy,AB,2,6,2,-0.10723646,-0.36746828,A
easy,AB,2,6,3,-0.00375672,0.36504823,A
easy,AB,2,6,4,0.29963173,-0.04801583,A
easy,AB,2,6,5,0.18939865,0.17766776,A
easy,AB,2,6,6,-0.19232273,-0.3536949,A
easy,AB,2,6,7,-0.09037709,-0.22230698,A
easy,AB,2,6,8,-0.19076186,0.23181276,A
easy,AB,2,6,9,0.09221992,-0.04085509,A
easy,AB,2,6,10,-0.28905231,0.19225976,A
easy,AB,2,6,11,0.2199454,-0.414188,B
easy,AB,2,6,12,0.2948489,0.42790422,B
easy,AB,2,6,13,0.00386426,0.02559828,B
easy,AB,2,6,14,-0.30398309,-0.1979458,B
easy,AB,2,6,15,0.1818797,-0.21037702,B
easy,AB,2,6,16,-0.38799464,-0.01983149,B
easy,AB,2,6,17,-0.19169783,-0.02112564,B
easy,AB,2,6,18,0.01199656,-0.40385563,B
easy,AB,2,6,19,-0.18440966,-0.18722279,B
easy,AB,2,6,20,-0.31025988,-0.42482061,B
easy,AB,2,7,1,0.30903291,0.36466676,A
easy,AB,2,7,2,-0.4119284,-0.40503949,A
easy,AB,2,7,3,0.21346443,0.02105993,A
easy,AB,2,7,4,0.20769011,0.36328169,A
easy,AB,2,7,5,-0.30869394,-0.17211247,A
easy,AB,2,7,6,-0.08614724,-0.16914402,A
easy,AB,2,7,7,-0.41882853,0.20426325,A
easy,AB,2,7,8,0.28238511,0.22061569,A
easy,AB,2,7,9,0.00425033,0.38935801,A
easy,AB,2,7,10,0.30727019,-0.41265328,A
easy,AB,2,7,11,-0.38875789,0.43046566000000003,B
easy,AB,2,7,12,0.09841979,0.19023362,B
easy,AB,2,7,13,-0.39337565,0.00697148,B
easy,AB,2,7,14,-0.31266241,-0.44810909,B
easy,AB,2,7,15,0.11063976,0.40149575,B
easy,AB,2,7,16,-0.30003154,-0.00344381,B
easy,AB,2,7,17,-0.1039789,-0.04503656,B
easy,AB,2,7,18,0.31456372,-0.20179744,B
easy,AB,2,7,19,-0.18383486,0.40981958,B
easy,AB,2,7,20,-0.00197856,-0.03707777,B
easy,B,2,1,1,0.00195593,-0.19011596,A
easy,B,2,1,2,-0.21449257,0.01686991,A
easy,B,2,1,3,-0.31863791,-0.24568704,A
easy,B,2,1,4,-0.19636855,0.44470414,A
easy,B,2,1,5,0.09499366,-0.02638472,A
easy,B,2,1,6,0.10606751,0.42893213,B
easy,B,2,1,7,0.11902515,-0.37645558,B
easy,B,2,1,8,0.28479856,0.39907611,B
easy,B,2,1,9,0.30068399,-0.44076697,B
easy,B,2,1,10,-0.29356335,-0.02176892,B
easy,B,2,1,11,0.20762146,0.16444131,B
easy,B,2,1,12,0.00140341,-0.42946022,B
easy,B,2,1,13,-0.30148851,-0.41089738,B
easy,B,2,1,14,-0.1912039,-0.41632424,B
easy,B,2,1,15,0.08372612,-0.15904757,B
easy,B,2,1,16,-0.00116651,0.36761575,B
easy,B,2,1,17,0.29395855,0.0185944,B
easy,B,2,1,18,0.21235576,-0.35525312,B
easy,B,2,1,19,0.28893914,-0.17351298,B
easy,B,2,1,20,0.10740198,0.19876319,B
easy,B,2,2,1,-0.20264696,-0.18442727,A
easy,B,2,2,2,-0.11662042,-0.22890428,A
easy,B,2,2,3,-0.39940511,0.03371743,A
easy,B,2,2,4,-7.7896e-4,0.37180447,A
easy,B,2,2,5,9.8946e-4,-0.02230643,A
easy,B,2,2,6,-0.29496264,0.20056145,B
easy,B,2,2,7,0.20002926,-0.44771717,B
easy,B,2,2,8,0.21573365,0.17165113,B
easy,B,2,2,9,-0.31380098,0.43533535,B
easy,B,2,2,10,0.21275817,0.41239992,B
easy,B,2,2,11,-0.41364948,0.39430129,B
easy,B,2,2,12,-0.21996125,0.22198372,B
easy,B,2,2,13,-0.39395727,-0.41117989,B
easy,B,2,2,14,-0.28325227,-0.23678933,B
easy,B,2,2,15,0.11101703,0.15339593,B
easy,B,2,2,16,0.21317962,-0.22463809,B
easy,B,2,2,17,0.2955921,-0.17740294,B
easy,B,2,2,18,-0.00624935,-0.38088752,B
easy,B,2,2,19,0.08427598,-0.36622311,B
easy,B,2,2,20,-0.08441219,0.35375378,B
easy,B,2,3,1,-0.30319124,0.35271647,A
easy,B,2,3,2,-0.0910352,-0.39072392,A
easy,B,2,3,3,-0.28711273,-0.22305564,A
easy,B,2,3,4,-0.08260293,-0.19875665,A
easy,B,2,3,5,-0.19092278,0.23698035,A
easy,B,2,3,6,0.21981545,-0.02647234,B
easy,B,2,3,7,-0.41041338,0.22928946,B
easy,B,2,3,8,-0.30558333,-0.42986034,B
easy,B,2,3,9,0.19310758,-0.20245531,B
easy,B,2,3,10,0.00511281,-0.42795745,B
easy,B,2,3,11,0.11992936,0.00471545,B
easy,B,2,3,12,0.29350833,-0.43179774,B
easy,B,2,3,13,0.31027402,0.38468955,B
easy,B,2,3,14,0.11258382,-0.4136459,B
easy,B,2,3,15,-0.39744899,-0.42562764,B
easy,B,2,3,16,-0.31978311,0.02456504,B
easy,B,2,3,17,0.20224608,-0.37290516,B
easy,B,2,3,18,-0.18522683,-0.2020908,B
easy,B,2,3,19,0.3199705,0.02525541,B
easy,B,2,3,20,-0.39712025,0.36554992,B
easy,B,2,4,1,0.09649065,0.17401864,A
easy,B,2,4,2,0.21973412,-0.0366238,A
easy,B,2,4,3,0.28421454,0.41495154,A
easy,B,2,4,4,0.20808167,0.38497462,A
easy,B,2,4,5,-0.40389843,0.43298828,A
easy,B,2,4,6,0.30180654,-0.23782356,B
easy,B,2,4,7,0.19579725,-0.20565455,B
easy,B,2,4,8,0.01673309,-0.18952924,B
easy,B,2,4,9,-0.38937061,-0.44236959,B
easy,B,2,4,10,0.30569007,-0.35727635,B
easy,B,2,4,11,-0.18410571,-0.15322971,B
easy,B,2,4,12,-0.31628175,0.23183196,B
easy,B,2,4,13,-0.01461392,0.2305854,B
easy,B,2,4,14,0.08885146,-0.36467312,B
easy,B,2,4,15,-0.0098381,-0.44763906999999997,B
easy,B,2,4,16,-0.09328661,-0.03377872,B
easy,B,2,4,17,-0.19321419,0.03592025,B
easy,B,2,4,18,0.21112018,0.20349623,B
easy,B,2,4,19,-0.31728206,-0.18553229,B
easy,B,2,4,20,0.29476012,-0.0331171,B
easy,B,2,5,1,-0.2095707,0.23165814,A
easy,B,2,5,2,0.19392981,0.38749622,A
easy,B,2,5,3,0.01820934,-0.37289576,A
easy,B,2,5,4,-0.41847867,0.21674798,A
easy,B,2,5,5,0.08572455,0.02690086,A
easy,B,2,5,6,-0.01903412,0.16559718,B
easy,B,2,5,7,-0.2925774,-0.23122924,B
easy,B,2,5,8,-0.29597286,0.00228194,B
easy,B,2,5,9,-0.08782859,0.22398778,B
easy,B,2,5,10,0.10854522,-0.2163743,B
easy,B,2,5,11,0.00665478,0.39770999,B
easy,B,2,5,12,-0.38873839,-0.17693891,B
easy,B,2,5,13,-0.21694003,-0.00504344,B
easy,B,2,5,14,-0.19195538,-0.24476188,B
easy,B,2,5,15,-0.30643586,0.16349292,B
easy,B,2,5,16,0.28540877,-0.22888802,B
easy,B,2,5,17,-0.20276933,-0.35956073,B
easy,B,2,5,18,0.21691518,-0.17038222,B
easy,B,2,5,19,-0.38400693,-0.04271548,B
easy,B,2,5,20,-0.40258682,-0.35082746,B
hard,A,2,1,1,0.09870512,0.44030019,A
hard,A,2,1,2,-0.11327136,-0.39787952,A
hard,A,2,1,3,0.01110865,0.43119914,A
hard,A,2,1,4,0.31865993,-0.04776997,A
hard,A,2,1,5,0.1972602,0.20492914,A
hard,A,2,1,6,-0.19865112,-0.41007872,A
hard,A,2,1,7,-0.10851928,-0.23243525,A
hard,A,2,1,8,-0.19106354,0.22708073,A
hard,A,2,1,9,0.08695469,-0.04849999,A
hard,A,2,1,10,-0.29254107,0.19602214,A
hard,A,2,1,11,0.19822574,-0.40699575,A
hard,A,2,1,12,0.28807799,0.400325,A
hard,A,2,1,13,0.01122343,0.03152642,A
hard,A,2,1,14,-0.30221959,-0.18946652,A
hard,A,2,1,15,0.19707569,-0.17224019,A
hard,A,2,1,16,-0.39240302,0.02348285,B
hard,A,2,1,17,-0.20183275,0.01350872,B
hard,A,2,1,18,-0.0110147,-0.37222883,B
hard,A,2,1,19,-0.21506936,-0.20382563,B
hard,A,2,1,20,-0.30032635,-0.37667794,B
hard,A,2,2,1,-0.01601696,-0.20964784,A
hard,A,2,2,2,-0.21053476,-0.01567688,A
hard,A,2,2,3,-0.29780629,-0.18085306,A
hard,A,2,2,4,-0.19782914,0.40003968,A
hard,A,2,2,5,0.11547533,0.01078923,A
hard,A,2,2,6,0.1144557,0.37999195,A
hard,A,2,2,7,0.10617901,-0.43121066,A
hard,A,2,2,8,0.31960376,0.3679387,A
hard,A,2,2,9,0.29260097,-0.42841186,A
hard,A,2,2,10,-0.31746351,-0.03108359,A
hard,A,2,2,11,0.18195729,0.24991094,A
hard,A,2,2,12,7.5514e-4,-0.35835555,A
hard,A,2,2,13,-0.283282,-0.38501776,A
hard,A,2,2,14,-0.1934374,-0.35497859,A
hard,A,2,2,15,0.08055579,-0.19176007,A
hard,A,2,2,16,-0.01193031,0.36023365,B
hard,A,2,2,17,0.3128324,0.02706858,B
hard,A,2,2,18,0.20821093,-0.40877483,B
hard,A,2,2,19,0.29147456,-0.22440265,B
hard,A,2,2,20,0.0906243,0.19203551,B
hard,A,2,3,1,0.2142254,-0.37467393,A
hard,A,2,3,2,-0.18494182,-0.15945974,A
hard,A,2,3,3,-0.11370687,0.1563648,A
hard,A,2,3,4,-0.09731388,0.4003268,A
hard,A,2,3,5,-0.20063968,0.17094671,A
hard,A,2,3,6,-0.20875034,0.02535071,A
hard,A,2,3,7,-0.19530209,0.36316492,A
hard,A,2,3,8,-0.41890552,0.15195473,A
hard,A,2,3,9,-0.41221717,0.00570712,A
hard,A,2,3,10,-0.40883337,0.41565197,A
hard,A,2,3,11,-0.31902378,0.01279945,A
hard,A,2,3,12,-0.11689553,-0.17938221,A
hard,A,2,3,13,-0.10270371,0.01392693,A
hard,A,2,3,14,0.10298723,0.44287223,A
hard,A,2,3,15,-0.28550799,-0.2183825,A
hard,A,2,3,16,-3.62754175e-4,-0.411203065,B
hard,A,2,3,17,-0.39517294,-0.44714816,B
hard,A,2,3,18,-0.38122837,-0.20721342,B
hard,A,2,3,19,-0.01244637,0.42190545,B
hard,A,2,3,20,0.08965114,-0.20437707,B
hard,A,2,4,1,0.09394865,0.16551068,A
hard,A,2,4,2,0.20640631,0.01800151,A
hard,A,2,4,3,0.30253364,0.3667073,A
hard,A,2,4,4,0.21457728,0.37969623,A
hard,A,2,4,5,-0.39007853,0.39140178,A
hard,A,2,4,6,0.31999097,-0.20484376,A
hard,A,2,4,7,0.21649609,-0.24362858,A
hard,A,2,4,8,-0.00920387,-0.18733776,A
hard,A,2,4,9,-0.39954948,-0.35452646,A
hard,A,2,4,10,0.29993163,-0.44698414,A
hard,A,2,4,11,-0.21513744,-0.19664144,A
hard,A,2,4,12,-0.29416169,0.20813907,A
hard,A,2,4,13,0.00527097,0.16696615,A
hard,A,2,4,14,0.08823511,-0.43956582,A
hard,A,2,4,15,0.01463041,-0.42302191,A
hard,A,2,4,16,-0.10935968,0.03587366,B
hard,A,2,4,17,-0.20099465,-0.00584905,B
hard,A,2,4,18,0.19819732,0.17252859,B
hard,A,2,4,19,-0.31013573,-0.16448154,B
hard,A,2,4,20,0.29847553,0.03688926,B
hard,A,2,5,1,-0.30575779,-0.43637101,A
hard,A,2,5,2,-0.41963701,0.38542311,A
hard,A,2,5,3,-0.18186666,0.40103174,A
hard,A,2,5,4,-0.20954798,0.02166513,A
hard,A,2,5,5,0.18589797,0.02687541,A
hard,A,2,5,6,0.18544555,-0.41314076,A
hard,A,2,5,7,0.28312187,-0.16271882,A
hard,A,2,5,8,-0.31441155,0.17632013,A
hard,A,2,5,9,0.20628979,0.24269908,A
hard,A,2,5,10,0.10231947,-0.38461571,A
hard,A,2,5,11,0.29978244,-0.39687571,A
hard,A,2,5,12,0.19649822,0.44446961,A
hard,A,2,5,13,-0.21614256,-0.36969655,A
hard,A,2,5,14,-0.08061975,0.39464486,A
hard,A,2,5,15,0.18279786,-0.15259003,A
hard,A,2,5,16,-0.01438742,-0.19419245,B
hard,A,2,5,17,-0.11447262,0.20302341,B
hard,A,2,5,18,0.09386686,0.43609857,B
hard,A,2,5,19,-0.08964612,0.01447495,B
hard,A,2,5,20,-0.41423837,-0.02806177,B
hard,AB,2,1,1,-0.29843225,0.42269339,A
hard,AB,2,1,2,-0.09701031,-0.40737329,A
hard,AB,2,1,3,-0.30815401,-0.21592377,A
hard,AB,2,1,4,-0.11452876,-0.15974429,A
hard,AB,2,1,5,-0.19770332,0.24505828,A
hard,AB,2,1,6,0.19011647,-2.5914e-4,A
hard,AB,2,1,7,-0.41015071,0.22694319,A
hard,AB,2,1,8,-0.2802256,-0.41839877,A
hard,AB,2,1,9,0.20039385,-0.21434039,A
hard,AB,2,1,10,-0.00832526,-0.38951103,A
hard,AB,2,1,11,0.11844216,-0.04049253,B
hard,AB,2,1,12,0.28780219,-0.38188371,B
hard,AB,2,1,13,0.30195266,0.42767207,B
hard,AB,2,1,14,0.10498056,-0.41054737,B
hard,AB,2,1,15,-0.38778113,-0.39717075,B
hard,AB,2,1,16,-0.31896248,-0.03148334,B
hard,AB,2,1,17,0.18912161,-0.36701627,B
hard,AB,2,1,18,-0.21289648,-0.22911609,B
hard,AB,2,1,19,0.29225905,0.01679796,B
hard,AB,2,1,20,-0.40250294,0.43441736,B
hard,AB,2,2,1,-0.31922258,-0.22285508,A
hard,AB,2,2,2,-0.10725534,0.35829251,A
hard,AB,2,2,3,-0.2018252,0.39864287,A
hard,AB,2,2,4,0.10236253,0.35709493,A
hard,AB,2,2,5,0.1103313,-0.41788024,A
hard,AB,2,2,6,0.0804287,-0.16150287,A
hard,AB,2,2,7,-0.38572712,0.20395418,A
hard,AB,2,2,8,0.11583527,-0.00475321,A
hard,AB,2,2,9,-0.39295805,0.35841193,A
hard,AB,2,2,10,-0.0199026,0.1776539,A
hard,AB,2,2,11,0.28392551,0.38384056,B
hard,AB,2,2,12,0.21931983,-0.21456596,B
hard,AB,2,2,13,-0.08750591,0.17927909,B
hard,AB,2,2,14,-0.30442575,0.42229744,B
hard,AB,2,2,15,-0.0054944,0.43833573,B
hard,AB,2,2,16,-0.08991812,-0.44947336,B
hard,AB,2,2,17,0.21244561,0.00383238,B
hard,AB,2,2,18,-0.2057874,-0.36908594,B
hard,AB,2,2,19,0.31367131,-0.16483345,B
hard,AB,2,2,20,-0.21569399,-0.18057267,B
hard,AB,2,3,1,0.11785409,0.390315,A
hard,AB,2,3,2,-0.30928107,0.42559063,A
hard,AB,2,3,3,-0.10754467,0.03787306,A
hard,AB,2,3,4,-0.19907686,0.02697419,A
hard,AB,2,3,5,0.19061346,-0.38123082,A
hard,AB,2,3,6,0.19763986,0.43388195,A
hard,AB,2,3,7,0.29078786,-0.23572008,A
hard,AB,2,3,8,0.18953107,0.18781311,A
hard,AB,2,3,9,0.2989318,-0.42781782,A
hard,AB,2,3,10,-0.00475745,0.18900488,A
hard,AB,2,3,11,-0.39933772,0.40893331,B
hard,AB,2,3,12,-0.09110989,-0.18673542,B
hard,AB,2,3,13,-0.31751,-0.03050642,B
hard,AB,2,3,14,0.08593263,-0.20951528,B
hard,AB,2,3,15,-0.39598115,-0.16276508,B
hard,AB,2,3,16,-0.21116383,-0.3633296,B
hard,AB,2,3,17,0.29924595,0.43287007,B
hard,AB,2,3,18,-0.30571648,0.2029564,B
hard,AB,2,3,19,-0.19899341,0.36349757,B
hard,AB,2,3,20,0.01984845,-0.38230457,B
hard,AB,2,4,1,-0.10080929,-0.40140261,A
hard,AB,2,4,2,-0.21590586,-0.40417019,A
hard,AB,2,4,3,0.08387207,-0.38109781,A
hard,AB,2,4,4,-0.21433234,0.0063412,A
hard,AB,2,4,5,0.28034563,-0.36628971,A
hard,AB,2,4,6,0.10601656,0.41245406,A
hard,AB,2,4,7,-0.1999773,0.36167167,A
hard,AB,2,4,8,-0.10101167,-0.19174127,A
hard,AB,2,4,9,-0.3014227,0.22453133,A
hard,AB,2,4,10,0.09721054,0.16787927,A
hard,AB,2,4,11,-0.083787,-0.00810613,B
hard,AB,2,4,12,-0.41359043,-0.24156921,B
hard,AB,2,4,13,0.18402801,0.36351314,B
hard,AB,2,4,14,-0.00317254,0.43356937,B
hard,AB,2,4,15,0.00469958,-0.36378319,B
hard,AB,2,4,16,0.08777517,-0.23048264,B
hard,AB,2,4,17,0.19592098,0.24031046,B
hard,AB,2,4,18,0.11237697,0.04578659,B
hard,AB,2,4,19,0.30639476,0.24359902,B
hard,AB,2,4,20,-0.28819803,-0.21664659,B
hard,AB,2,5,1,0.18432439,0.35229468,A
hard,AB,2,5,2,-0.38646864,0.40045271,A
hard,AB,2,5,3,0.28187527,0.19366233,A
hard,AB,2,5,4,-0.11215903,-0.23054499,A
hard,AB,2,5,5,-0.11803566,0.4106513,A
hard,AB,2,5,6,-0.40702144,0.1983179,A
hard,AB,2,5,7,-0.31039681,-0.16026709,A
hard,AB,2,5,8,0.31119762,-0.40334473,A
hard,AB,2,5,9,-0.08152776,-0.4354605,A
hard,AB,2,5,10,0.11854843,0.19085211,A
hard,AB,2,5,11,0.10929197,0.42344852,B
hard,AB,2,5,12,0.01907377,-0.37074327,B
hard,AB,2,5,13,-0.08123221,-1.1943e-4,B
hard,AB,2,5,14,-0.31639974,0.41930678,B
hard,AB,2,5,15,0.28755757,-0.20979626,B
hard,AB,2,5,16,0.29381546,0.4452306,B
hard,AB,2,5,17,-0.38242806,-0.40438279,B
hard,AB,2,5,18,-0.0932377,0.19162881,B
hard,AB,2,5,19,-5.6825e-4,0.03070173,B
hard,AB,2,5,20,0.09462692,-0.18019179,B
hard,B,2,2,1,-0.09941121,0.22011197,A
hard,B,2,2,2,0.29392249,0.2029634,A
hard,B,2,2,3,-0.40122711,-0.42009731,A
hard,B,2,2,4,0.29060719,-0.2405434,A
hard,B,2,2,5,0.29440601,0.36333897,A
hard,B,2,2,6,-0.28824359,-0.18018922,B
hard,B,2,2,7,-0.11381711,0.42020717,B
hard,B,2,2,8,0.088775,-0.35620712,B
hard,B,2,2,9,-0.09123339,-0.35870076,B
hard,B,2,2,10,0.20260143,0.00633579,B
hard,B,2,2,11,0.20223871,-0.36416519,B
hard,B,2,2,12,-0.28027917,-0.44024593,B
hard,B,2,2,13,-0.20688865,0.00646859,B
hard,B,2,2,14,0.11653824,-0.20347894,B
hard,B,2,2,15,-0.31808162,-0.03301771,B
hard,B,2,2,16,0.28078281,0.00235563,B
hard,B,2,2,17,-0.21280295,-0.17565461,B
hard,B,2,2,18,-0.3865056,0.44483526,B
hard,B,2,2,19,0.10866252,-0.04203571,B
hard,B,2,2,20,-0.39178042,-0.17857876,B
hard,B,2,3,1,-0.09062305,-0.16669113,A
hard,B,2,3,2,-0.39817576,0.21572912,A
hard,B,2,3,3,0.18203355,-0.04800893,A
hard,B,2,3,4,0.30909932,0.02020907,A
hard,B,2,3,5,-0.10934911,0.0443143,A
hard,B,2,3,6,0.1985494,-0.38950368,B
hard,B,2,3,7,-0.01790545,0.44890959,B
hard,B,2,3,8,0.29432217,-0.42158197,B
hard,B,2,3,9,-0.30730938,0.41318154,B
hard,B,2,3,10,-0.38330936,-0.03517842,B
hard,B,2,3,11,0.01763344,0.15797106,B
hard,B,2,3,12,0.19570926,0.40529888,B
hard,B,2,3,13,-0.38453487,-0.36891702,B
hard,B,2,3,14,0.31065086,0.35717943,B
hard,B,2,3,15,0.31306512,-0.19050797,B
hard,B,2,3,16,0.1902853,0.17841932,B
hard,B,2,3,17,-0.21061369,-0.0224042,B
hard,B,2,3,18,0.11511134,-0.17781221,B
hard,B,2,3,19,0.10536998,0.39661179,B
hard,B,2,3,20,-0.21880155,-0.35887252,B
hard,B,2,4,1,-0.30063797,0.1635285,A
hard,B,2,4,2,-0.0016249,0.16533705,A
hard,B,2,4,3,-0.38129864,-0.2256855,A
hard,B,2,4,4,0.08812634,-0.39036516,A
hard,B,2,4,5,-0.2123503,-0.17255556,A
hard,B,2,4,6,0.10918146,0.42165838,B
hard,B,2,4,7,0.01006,0.36536926,B
hard,B,2,4,8,-0.39186024,0.41146051,B
hard,B,2,4,9,-0.00711043,0.00849579,B
hard,B,2,4,10,-0.38451938,-0.01991854,B
hard,B,2,4,11,0.10596454,-0.19047381,B
hard,B,2,4,12,0.21182699,0.21093272,B
hard,B,2,4,13,-0.0102687,-0.1654298,B
hard,B,2,4,14,-0.29147495,-0.41181128,B
hard,B,2,4,15,-0.00256344,-0.41564114,B
hard,B,2,4,16,0.08977505,0.24707594,B
hard,B,2,4,17,0.31005995,0.36532116,B
hard,B,2,4,18,0.21782424,-0.04123043,B
hard,B,2,4,19,-0.08906188,-0.03613021,B
hard,B,2,4,20,-0.10207604,-0.21360155,B
hard,B,2,5,1,0.31627803,0.43388972,A
hard,B,2,5,2,-0.41692991,-0.44986586,A
hard,B,2,5,3,0.21851005,0.02673313,A
hard,B,2,5,4,0.18760988,0.37896019,A
hard,B,2,5,5,-0.31157087,-0.23411411,A
hard,B,2,5,6,-0.11370089,-0.17392987,B
hard,B,2,5,7,-0.39767375,0.21982815,B
hard,B,2,5,8,0.30506739,0.20263011,B
hard,B,2,5,9,0.01569697,0.37236405,B
hard,B,2,5,10,0.30908818,-0.44643074,B
hard,B,2,5,11,-0.40582584,0.3948146,B
hard,B,2,5,12,0.11756436,0.22449271,B
hard,B,2,5,13,-0.39690907,-0.0134683,B
hard,B,2,5,14,-0.28069873,-0.40201142,B
hard,B,2,5,15,0.09281317,0.40865307,B
hard,B,2,5,16,-0.31874301,0.03607244,B
hard,B,2,5,17,-0.0867947,0.01931773,B
hard,B,2,5,18,0.28349371,-0.19001944,B
hard,B,2,5,19,-0.2015536,0.4311804,B
hard,B,2,5,20,4.6205e-4,-0.04636532,B
hard,B,2,7,1,-0.20451432,-0.20608553,A
hard,B,2,7,2,0.00275615,0.44876692,A
hard,B,2,7,3,-0.11415078,0.37386415,A
hard,B,2,7,4,-0.30451601,0.38064552,A
hard,B,2,7,5,0.1085836,-0.38398576,A
hard,B,2,7,6,0.28835528,0.20242184,B
hard,B,2,7,7,0.29424403,0.38205441,B
hard,B,2,7,8,-0.1056269,-0.18126069,B
hard,B,2,7,9,-0.40664785,-0.19696117,B
hard,B,2,7,10,-0.20182054,0.41331581,B
hard,B,2,7,11,0.20900502,0.38593696,B
hard,B,2,7,12,0.21732492,-0.23440807,B
hard,B,2,7,13,-0.30410688,0.24495647,B
hard,B,2,7,14,-0.41114644,0.04310005,B
hard,B,2,7,15,-0.39146489,-0.38267064,B
hard,B,2,7,16,0.0911291,-0.20039067,B
hard,B,2,7,17,-0.38243152,0.15024092,B
hard,B,2,7,18,-0.2920224,-0.35373153,B
hard,B,2,7,19,-0.00648445,-0.19717742,B
hard,B,2,7,20,0.09072627,0.18113634,B
